;;;;;;;;;;;;;;;;;;;;;;;;0;1;2;3;4;5;6;7;8;9;;0;1;2;3;4;5;6;7;8;9;;0;1;2;3;4;5;6;7;8;9;;0;1;2;3;4;5;6;7;8;9;;0;1;2;3;4;5;6;7;8;9;;0;1;2;3;4;5;6;7;8;9;;0;1;2;3;4;5;6;7;8;9;;0;1;2;3;4;5;6;7;8;9;;0;1;2;3;4;5;6;7;8;9;;0;1;2;3;4;5;6;7;8;9;;0;1;2;3;4;5;6;7;8;9;;0;1;2;3;4;5;6;7;8;9;;0;1;2;3;4;5;6;7;8;9;;0;1;2;3;4;5;6;7;8;9;;0;1;2;3;4;5;6;7;8;9;;0;1;2;3;4;5;6;7;8;9;;0;1;2;3;4;5;6;7;8;9;;0;1;2;3;4;5;6;7;8;9;;0;1;2;3;4;5;6;7;8;9;;0;1;2;3;4;5;6;7;8;9;;20;19;18;17;16;15;14;13;12;11;10;9;8;7;6;5;4;3;2;1;;20;19;18;17;16;15;14;13;12;11;10;9;8;7;6;5;4;3;2;1;;;
;;20;19;18;17;16;15;14;13;12;11;10;9;8;7;6;5;4;3;2;1;;;20;;;;;;;;;20F;;19;;;;;;;;;19F;;18;;;;;;;;;18F;;17;;;;;;;;;17F;;16;;;;;;;;;16F;;15;;;;;;;;;15F;;14;;;;;;;;;14F;;13;;;;;;;;;13F;;12;;;;;;;;;12F;;11;;;;;;;;;11F;;10;;;;;;;;;10F;;9;;;;;;;;;9F;;8;;;;;;;;;8F;;7;;;;;;;;;7F;;6;;;;;;;;;6F;;5;;;;;;;;;5F;;4;;;;;;;;;4F;;3;;;;;;;;;3F;;2;;;;;;;;;2F;;1;;;;;;;;;1F;;20F;19F;18F;17F;16F;15F;14F;13F;12F;11F;10F;9F;8F;7F;6F;5F;4F;3F;2F;1F;;;;;;;;;;;;;;;;;;;;;;;;
A;150;14EK;16EK;18EK;20EK;21EK;21EK;24EK;24EK;22EK;24EK;28EK;32EK;24ES;24ES;29ES;32ES;26ES;29ES;32ES;34ES;;;14EK;4EK;4EK;4EK;EK;EK;EK;EK;EK;EK;;16EK;6EK;6EK;6EK;6EK;6EK;EK;EK;EK;EK;;18EK;8EK;8EK;8EK;8EK;8EK;8EK;8EK;EK;EK;;2EK;2EK;EK;EK;EK;EK;EK;EK;EK;EK;;21EK;2EK;EK;EK;EK;EK;EK;EK;EK;EK;;21EK;2EK;EK;EK;EK;EK;EK;EK;EK;EK;;24EK;24EK;4EK;4EK;EK;EK;EK;EK;EK;EK;;24EK;24EK;4EK;4EK;EK;EK;EK;EK;EK;EK;;22EK;22EK;EK;EK;EK;EK;EK;EK;EK;EK;;24EK;24EK;4EK;4EK;EK;EK;EK;EK;EK;EK;;28EK;28EK;8EK;8EK;8EK;8EK;8EK;8EK;EK;EK;;32EK;32EK;3EK;EK;EK;EK;EK;EK;EK;EK;;24ES;24ES;4ES;4ES;ES;ES;ES;ES;ES;ES;;24ES;24ES;4ES;4ES;ES;ES;ES;ES;ES;ES;;29ES;29ES;9ES;9ES;9ES;9ES;9ES;9ES;9ES;ES;;32ES;32ES;3ES;ES;ES;ES;ES;ES;ES;ES;;26ES;26ES;6ES;6ES;6ES;6ES;ES;ES;ES;ES;;29ES;29ES;9ES;9ES;9ES;9ES;9ES;9ES;9ES;ES;;32ES;32ES;3ES;ES;ES;ES;ES;ES;ES;ES;;34ES;34ES;34ES;4ES;ES;ES;ES;ES;ES;ES;;EK;EK;EK;EK;EK;EK;EK;EK;EK;EK;EK;EK;ES;ES;ES;ES;ES;ES;ES;ES;;14EK;16EK;18EK;20EK;21EK;21EK;24EK;24EK;22EK-ES;24EK-ES;28EK-ES;32EK-ES;24ES;24ES;29ES;32ES;26ES;29ES;32ES;34ES;1;150-149;14EK
B;149;14EK;16EK;18EK;20EK;21EK;21EK;24EK;24EK;22ES;24ES;28ES;28ES;24ES;24ES;29ES;32ES;26ES;29ES;32ES;34ES;;;14EK;4EK;4EK;4EK;EK;EK;EK;EK;EK;EK;;16EK;6EK;6EK;6EK;6EK;6EK;EK;EK;EK;EK;;18EK;8EK;8EK;8EK;8EK;8EK;8EK;8EK;EK;EK;;2EK;2EK;EK;EK;EK;EK;EK;EK;EK;EK;;21EK;2EK;EK;EK;EK;EK;EK;EK;EK;EK;;21EK;2EK;EK;EK;EK;EK;EK;EK;EK;EK;;24EK;24EK;4EK;4EK;EK;EK;EK;EK;EK;EK;;24EK;24EK;4EK;4EK;EK;EK;EK;EK;EK;EK;;22ES;22ES;ES;ES;ES;ES;ES;ES;ES;ES;;24ES;24ES;4ES;4ES;ES;ES;ES;ES;ES;ES;;28ES;28ES;8ES;8ES;8ES;8ES;8ES;8ES;ES;ES;;28ES;28ES;8ES;8ES;8ES;8ES;8ES;8ES;ES;ES;;24ES;24ES;4ES;4ES;ES;ES;ES;ES;ES;ES;;24ES;24ES;4ES;4ES;ES;ES;ES;ES;ES;ES;;29ES;29ES;9ES;9ES;9ES;9ES;9ES;9ES;9ES;ES;;32ES;32ES;3ES;ES;ES;ES;ES;ES;ES;ES;;26ES;26ES;6ES;6ES;6ES;6ES;ES;ES;ES;ES;;29ES;29ES;9ES;9ES;9ES;9ES;9ES;9ES;9ES;ES;;32ES;32ES;3ES;ES;ES;ES;ES;ES;ES;ES;;34ES;34ES;34ES;4ES;ES;ES;ES;ES;ES;ES;;EK;EK;EK;EK;EK;EK;EK;EK;ES;ES;ES;ES;ES;ES;ES;ES;ES;ES;ES;ES;;14EK;16EK;18EK;20EK;21EK;21EK;24EK;24EK;22ES-EK;24ES-EK;28ES-EK;28ES-EK;24ES;24ES;29ES;32ES;26ES;29ES;32ES;34ES;3;148-147;14EK
A;148;14EK;16EK;18EK;20EK;21EK;21EK;24EK;24EK;22EK;24EK;28EK;28EK;24ES;24ES;29ES;32ES;26ES;29ES;32ES;34ES;;;14EK;4EK;4EK;4EK;EK;EK;EK;EK;EK;EK;;16EK;6EK;6EK;6EK;6EK;6EK;EK;EK;EK;EK;;18EK;8EK;8EK;8EK;8EK;8EK;8EK;8EK;EK;EK;;2EK;2EK;EK;EK;EK;EK;EK;EK;EK;EK;;21EK;2EK;EK;EK;EK;EK;EK;EK;EK;EK;;21EK;2EK;EK;EK;EK;EK;EK;EK;EK;EK;;24EK;24EK;4EK;4EK;EK;EK;EK;EK;EK;EK;;24EK;24EK;4EK;4EK;EK;EK;EK;EK;EK;EK;;22EK;22EK;EK;EK;EK;EK;EK;EK;EK;EK;;24EK;24EK;4EK;4EK;EK;EK;EK;EK;EK;EK;;28EK;28EK;8EK;8EK;8EK;8EK;8EK;8EK;EK;EK;;28EK;28EK;8EK;8EK;8EK;8EK;8EK;8EK;EK;EK;;24ES;24ES;4ES;4ES;ES;ES;ES;ES;ES;ES;;24ES;24ES;4ES;4ES;ES;ES;ES;ES;ES;ES;;29ES;29ES;9ES;9ES;9ES;9ES;9ES;9ES;9ES;ES;;32ES;32ES;3ES;ES;ES;ES;ES;ES;ES;ES;;26ES;26ES;6ES;6ES;6ES;6ES;ES;ES;ES;ES;;29ES;29ES;9ES;9ES;9ES;9ES;9ES;9ES;9ES;ES;;32ES;32ES;3ES;ES;ES;ES;ES;ES;ES;ES;;34ES;34ES;34ES;4ES;ES;ES;ES;ES;ES;ES;;EK;EK;EK;EK;EK;EK;EK;EK;EK;EK;EK;EK;ES;ES;ES;ES;ES;ES;ES;ES;;14EK;16EK;18EK;20EK;21EK;21EK;24EK;24EK;22EK-ES;24EK-ES;28EK-ES;28EK-ES;24ES;24ES;29ES;32ES;26ES;29ES;32ES;34ES;5;146-145;14DK
B;147;14EK;16EK;18EK;20EK;21EK;21EK;24EK;24EK;22ES;24ES;28ES;27ES;24ES;24ES;29ES;31ES;25ES;28ES;32ES;33ES;;;14EK;4EK;4EK;4EK;EK;EK;EK;EK;EK;EK;;16EK;6EK;6EK;6EK;6EK;6EK;EK;EK;EK;EK;;18EK;8EK;8EK;8EK;8EK;8EK;8EK;8EK;EK;EK;;2EK;2EK;EK;EK;EK;EK;EK;EK;EK;EK;;21EK;2EK;EK;EK;EK;EK;EK;EK;EK;EK;;21EK;2EK;EK;EK;EK;EK;EK;EK;EK;EK;;24EK;24EK;4EK;4EK;EK;EK;EK;EK;EK;EK;;24EK;24EK;4EK;4EK;EK;EK;EK;EK;EK;EK;;22ES;22ES;ES;ES;ES;ES;ES;ES;ES;ES;;24ES;24ES;4ES;4ES;ES;ES;ES;ES;ES;ES;;28ES;28ES;8ES;8ES;8ES;8ES;8ES;8ES;ES;ES;;27ES;27ES;7ES;7ES;7ES;7ES;7ES;ES;ES;ES;;24ES;24ES;4ES;4ES;ES;ES;ES;ES;ES;ES;;24ES;24ES;4ES;4ES;ES;ES;ES;ES;ES;ES;;29ES;29ES;9ES;9ES;9ES;9ES;9ES;9ES;9ES;ES;;31ES;3ES;3ES;ES;ES;ES;ES;ES;ES;ES;;25ES;25ES;5ES;5ES;5ES;ES;ES;ES;ES;ES;;28ES;28ES;8ES;8ES;8ES;8ES;8ES;8ES;ES;ES;;32ES;32ES;3ES;ES;ES;ES;ES;ES;ES;ES;;33ES;33ES;33ES;ES;ES;ES;ES;ES;ES;ES;;EK;EK;EK;EK;EK;EK;EK;EK;ES;ES;ES;ES;ES;ES;ES;ES;ES;ES;ES;ES;;14EK;16EK;18EK;20EK;21EK;21EK;24EK;24EK;22ES-EK;24ES-EK;28ES-EK;27ES-EK;24ES;24ES;29ES;31ES;25ES;28ES;32ES;33ES;7;144-143;14DK
A;146;14DK;16EK;18EK;20EK;21EK;21EK;23EK;23EK;22EK;23EK;27EK;27EK;24ES;24ES;28ES;31ES;25ES;28ES;31ES;33ES;;;14DK;4DK;4DK;4DK;DK;DK;DK;DK;DK;DK;;16EK;6EK;6EK;6EK;6EK;6EK;EK;EK;EK;EK;;18EK;8EK;8EK;8EK;8EK;8EK;8EK;8EK;EK;EK;;2EK;2EK;EK;EK;EK;EK;EK;EK;EK;EK;;21EK;2EK;EK;EK;EK;EK;EK;EK;EK;EK;;21EK;2EK;EK;EK;EK;EK;EK;EK;EK;EK;;23EK;23EK;3EK;EK;EK;EK;EK;EK;EK;EK;;23EK;23EK;3EK;EK;EK;EK;EK;EK;EK;EK;;22EK;22EK;EK;EK;EK;EK;EK;EK;EK;EK;;23EK;23EK;3EK;EK;EK;EK;EK;EK;EK;EK;;27EK;27EK;7EK;7EK;7EK;7EK;7EK;EK;EK;EK;;27EK;27EK;7EK;7EK;7EK;7EK;7EK;EK;EK;EK;;24ES;24ES;4ES;4ES;ES;ES;ES;ES;ES;ES;;24ES;24ES;4ES;4ES;ES;ES;ES;ES;ES;ES;;28ES;28ES;8ES;8ES;8ES;8ES;8ES;8ES;ES;ES;;31ES;3ES;3ES;ES;ES;ES;ES;ES;ES;ES;;25ES;25ES;5ES;5ES;5ES;ES;ES;ES;ES;ES;;28ES;28ES;8ES;8ES;8ES;8ES;8ES;8ES;ES;ES;;31ES;3ES;3ES;ES;ES;ES;ES;ES;ES;ES;;33ES;33ES;33ES;ES;ES;ES;ES;ES;ES;ES;;DK;EK;EK;EK;EK;EK;EK;EK;EK;EK;EK;EK;ES;ES;ES;ES;ES;ES;ES;ES;;14DK;16EK;18EK;20EK;21EK;21EK;23EK;23EK;22EK-ES;23EK-ES;27EK-ES;27EK-ES;24ES;24ES;28ES;31ES;25ES;28ES;31ES;33ES;9;142-141;14CK
B;145;14DK;16DK;18EK;19EK;21EK;20EK;23EK;23EK;21ES;23ES;27ES;27ES;23ES;23ES;28ES;31ES;25ES;28ES;31ES;32ES;;;14DK;4DK;4DK;4DK;DK;DK;DK;DK;DK;DK;;16DK;6DK;6DK;6DK;6DK;6DK;DK;DK;DK;DK;;18EK;8EK;8EK;8EK;8EK;8EK;8EK;8EK;EK;EK;;19EK;9EK;9EK;9EK;9EK;9EK;9EK;9EK;9EK;EK;;21EK;2EK;EK;EK;EK;EK;EK;EK;EK;EK;;2EK;2EK;EK;EK;EK;EK;EK;EK;EK;EK;;23EK;23EK;3EK;EK;EK;EK;EK;EK;EK;EK;;23EK;23EK;3EK;EK;EK;EK;EK;EK;EK;EK;;21ES;2ES;ES;ES;ES;ES;ES;ES;ES;ES;;23ES;23ES;3ES;ES;ES;ES;ES;ES;ES;ES;;27ES;27ES;7ES;7ES;7ES;7ES;7ES;ES;ES;ES;;27ES;27ES;7ES;7ES;7ES;7ES;7ES;ES;ES;ES;;23ES;23ES;3ES;ES;ES;ES;ES;ES;ES;ES;;23ES;23ES;3ES;ES;ES;ES;ES;ES;ES;ES;;28ES;28ES;8ES;8ES;8ES;8ES;8ES;8ES;ES;ES;;31ES;3ES;3ES;ES;ES;ES;ES;ES;ES;ES;;25ES;25ES;5ES;5ES;5ES;ES;ES;ES;ES;ES;;28ES;28ES;8ES;8ES;8ES;8ES;8ES;8ES;ES;ES;;31ES;3ES;3ES;ES;ES;ES;ES;ES;ES;ES;;32ES;32ES;3ES;ES;ES;ES;ES;ES;ES;ES;;DK;DK;EK;EK;EK;EK;EK;EK;ES;ES;ES;ES;ES;ES;ES;ES;ES;ES;ES;ES;;14DK;16DK;18EK;19EK;21EK;20EK;23EK;23EK;21ES-EK;23ES-EK;27ES-EK;27ES-EK;23ES;23ES;28ES;31ES;25ES;28ES;31ES;32ES;11;140-139;13CK
A;144;14DK;16DK;17DK;19EK;20EK;20EK;23EK;23EK;21EK;23EK;27EK;26EK;23ES;23ES;28ES;30ES;24ES;27ES;31ES;32ES;;;14DK;4DK;4DK;4DK;DK;DK;DK;DK;DK;DK;;16DK;6DK;6DK;6DK;6DK;6DK;DK;DK;DK;DK;;17DK;7DK;7DK;7DK;7DK;7DK;7DK;DK;DK;DK;;19EK;9EK;9EK;9EK;9EK;9EK;9EK;9EK;9EK;EK;;2EK;2EK;EK;EK;EK;EK;EK;EK;EK;EK;;2EK;2EK;EK;EK;EK;EK;EK;EK;EK;EK;;23EK;23EK;3EK;EK;EK;EK;EK;EK;EK;EK;;23EK;23EK;3EK;EK;EK;EK;EK;EK;EK;EK;;21EK;2EK;EK;EK;EK;EK;EK;EK;EK;EK;;23EK;23EK;3EK;EK;EK;EK;EK;EK;EK;EK;;27EK;27EK;7EK;7EK;7EK;7EK;7EK;EK;EK;EK;;26EK;26EK;6EK;6EK;6EK;6EK;EK;EK;EK;EK;;23ES;23ES;3ES;ES;ES;ES;ES;ES;ES;ES;;23ES;23ES;3ES;ES;ES;ES;ES;ES;ES;ES;;28ES;28ES;8ES;8ES;8ES;8ES;8ES;8ES;ES;ES;;3ES;3ES;3ES;ES;ES;ES;ES;ES;ES;ES;;24ES;24ES;4ES;4ES;ES;ES;ES;ES;ES;ES;;27ES;27ES;7ES;7ES;7ES;7ES;7ES;ES;ES;ES;;31ES;3ES;3ES;ES;ES;ES;ES;ES;ES;ES;;32ES;32ES;3ES;ES;ES;ES;ES;ES;ES;ES;;DK;DK;DK;EK;EK;EK;EK;EK;EK;EK;EK;EK;ES;ES;ES;ES;ES;ES;ES;ES;;14DK;16DK;17DK;19EK;20EK;20EK;23EK;23EK;21EK-ES;23EK-ES;27EK-ES;26EK-ES;23ES;23ES;28ES;30ES;24ES;27ES;31ES;32ES;13;138-137;13CK
B;143;14DK;15DK;17DK;19EK;20EK;20EK;23EK;23EK;21ES;23ES;26ES;26ES;23ES;23ES;27ES;30ES;24ES;27ES;30ES;32ES;;;14DK;4DK;4DK;4DK;DK;DK;DK;DK;DK;DK;;15DK;5DK;5DK;5DK;5DK;DK;DK;DK;DK;DK;;17DK;7DK;7DK;7DK;7DK;7DK;7DK;DK;DK;DK;;19EK;9EK;9EK;9EK;9EK;9EK;9EK;9EK;9EK;EK;;2EK;2EK;EK;EK;EK;EK;EK;EK;EK;EK;;2EK;2EK;EK;EK;EK;EK;EK;EK;EK;EK;;23EK;23EK;3EK;EK;EK;EK;EK;EK;EK;EK;;23EK;23EK;3EK;EK;EK;EK;EK;EK;EK;EK;;21ES;2ES;ES;ES;ES;ES;ES;ES;ES;ES;;23ES;23ES;3ES;ES;ES;ES;ES;ES;ES;ES;;26ES;26ES;6ES;6ES;6ES;6ES;ES;ES;ES;ES;;26ES;26ES;6ES;6ES;6ES;6ES;ES;ES;ES;ES;;23ES;23ES;3ES;ES;ES;ES;ES;ES;ES;ES;;23ES;23ES;3ES;ES;ES;ES;ES;ES;ES;ES;;27ES;27ES;7ES;7ES;7ES;7ES;7ES;ES;ES;ES;;3ES;3ES;3ES;ES;ES;ES;ES;ES;ES;ES;;24ES;24ES;4ES;4ES;ES;ES;ES;ES;ES;ES;;27ES;27ES;7ES;7ES;7ES;7ES;7ES;ES;ES;ES;;3ES;3ES;3ES;ES;ES;ES;ES;ES;ES;ES;;32ES;32ES;3ES;ES;ES;ES;ES;ES;ES;ES;;DK;DK;DK;EK;EK;EK;EK;EK;ES;ES;ES;ES;ES;ES;ES;ES;ES;ES;ES;ES;;14DK;15DK;17DK;19EK;20EK;20EK;23EK;23EK;21ES-DK;23ES-EK;26ES-EK;26ES-EK;23ES;23ES;27ES;30ES;24ES;27ES;30ES;32ES;15;136-135;13BK-BS
A;142;14CK;15DK;17DK;19EK;20DK;20DK;22DK;22EK;21DK;22EK;26EK;26EK;23ES;23ES;27ES;30ES;24ES;27ES;30ES;31ES;;;14CK;4CK;4CK;4CK;CK;CK;CK;CK;CK;CK;;15DK;5DK;5DK;5DK;5DK;DK;DK;DK;DK;DK;;17DK;7DK;7DK;7DK;7DK;7DK;7DK;DK;DK;DK;;19EK;9EK;9EK;9EK;9EK;9EK;9EK;9EK;9EK;EK;;2DK;2DK;DK;DK;DK;DK;DK;DK;DK;DK;;2DK;2DK;DK;DK;DK;DK;DK;DK;DK;DK;;22DK;22DK;DK;DK;DK;DK;DK;DK;DK;DK;;22EK;22EK;EK;EK;EK;EK;EK;EK;EK;EK;;21DK;2DK;DK;DK;DK;DK;DK;DK;DK;DK;;22EK;22EK;EK;EK;EK;EK;EK;EK;EK;EK;;26EK;26EK;6EK;6EK;6EK;6EK;EK;EK;EK;EK;;26EK;26EK;6EK;6EK;6EK;6EK;EK;EK;EK;EK;;23ES;23ES;3ES;ES;ES;ES;ES;ES;ES;ES;;23ES;23ES;3ES;ES;ES;ES;ES;ES;ES;ES;;27ES;27ES;7ES;7ES;7ES;7ES;7ES;ES;ES;ES;;3ES;3ES;3ES;ES;ES;ES;ES;ES;ES;ES;;24ES;24ES;4ES;4ES;ES;ES;ES;ES;ES;ES;;27ES;27ES;7ES;7ES;7ES;7ES;7ES;ES;ES;ES;;3ES;3ES;3ES;ES;ES;ES;ES;ES;ES;ES;;31ES;3ES;3ES;ES;ES;ES;ES;ES;ES;ES;;CK;DK;DK;EK;DK;DK;DK;EK;DK;EK;EK;EK;ES;ES;ES;ES;ES;ES;ES;ES;;14CK;15DK;17DK;19EK;20DK;20DK;22DK;22EK;21DK-DS;22EK-ES;26EK-ES;26EK-ES;23ES;23ES;27ES;30ES;24ES;27ES;30ES;31ES;17;134-133;13BK-BS
B;141;13CK;15DK;17DK;19EK;20DK;20DK;22DK;22EK;20DS;22ES;26ES;25ES;23ES;22ES;27ES;29ES;23ES;26ES;30ES;31ES;;;13CK;3CK;3CK;CK;CK;CK;CK;CK;CK;CK;;15DK;5DK;5DK;5DK;5DK;DK;DK;DK;DK;DK;;17DK;7DK;7DK;7DK;7DK;7DK;7DK;DK;DK;DK;;19EK;9EK;9EK;9EK;9EK;9EK;9EK;9EK;9EK;EK;;2DK;2DK;DK;DK;DK;DK;DK;DK;DK;DK;;2DK;2DK;DK;DK;DK;DK;DK;DK;DK;DK;;22DK;22DK;DK;DK;DK;DK;DK;DK;DK;DK;;22EK;22EK;EK;EK;EK;EK;EK;EK;EK;EK;;2DS;2DS;DS;DS;DS;DS;DS;DS;DS;DS;;22ES;22ES;ES;ES;ES;ES;ES;ES;ES;ES;;26ES;26ES;6ES;6ES;6ES;6ES;ES;ES;ES;ES;;25ES;25ES;5ES;5ES;5ES;ES;ES;ES;ES;ES;;23ES;23ES;3ES;ES;ES;ES;ES;ES;ES;ES;;22ES;22ES;ES;ES;ES;ES;ES;ES;ES;ES;;27ES;27ES;7ES;7ES;7ES;7ES;7ES;ES;ES;ES;;29ES;29ES;9ES;9ES;9ES;9ES;9ES;9ES;9ES;ES;;23ES;23ES;3ES;ES;ES;ES;ES;ES;ES;ES;;26ES;26ES;6ES;6ES;6ES;6ES;ES;ES;ES;ES;;3ES;3ES;3ES;ES;ES;ES;ES;ES;ES;ES;;31ES;3ES;3ES;ES;ES;ES;ES;ES;ES;ES;;CK;DK;DK;EK;DK;DK;DK;EK;DS;ES;ES;ES;ES;ES;ES;ES;ES;ES;ES;ES;;13CK;15DK;17DK;19EK;20DK-DS;20DK;22DK;22EK;20DS-DK;22ES-EK;26ES-EK;25ES-EK;23ES;22ES;27ES;29ES;23ES;26ES;30ES;31ES;19;132-131;12BK-AS
A;140;13CK;15CK;17DK;18DK;20DS;19DK;22DK;22EK;20DK;22EK;25EK;25EK;22ES;22ES;27ES;29ES;23ES;26ES;29ES;30ES;;;13CK;3CK;3CK;CK;CK;CK;CK;CK;CK;CK;;15CK;5CK;5CK;5CK;5CK;CK;CK;CK;CK;CK;;17DK;7DK;7DK;7DK;7DK;7DK;7DK;DK;DK;DK;;18DK;8DK;8DK;8DK;8DK;8DK;8DK;8DK;DK;DK;;2DS;2DS;DS;DS;DS;DS;DS;DS;DS;DS;;19DK;9DK;9DK;9DK;9DK;9DK;9DK;9DK;9DK;DK;;22DK;22DK;DK;DK;DK;DK;DK;DK;DK;DK;;22EK;22EK;EK;EK;EK;EK;EK;EK;EK;EK;;2DK;2DK;DK;DK;DK;DK;DK;DK;DK;DK;;22EK;22EK;EK;EK;EK;EK;EK;EK;EK;EK;;25EK;25EK;5EK;5EK;5EK;EK;EK;EK;EK;EK;;25EK;25EK;5EK;5EK;5EK;EK;EK;EK;EK;EK;;22ES;22ES;ES;ES;ES;ES;ES;ES;ES;ES;;22ES;22ES;ES;ES;ES;ES;ES;ES;ES;ES;;27ES;27ES;7ES;7ES;7ES;7ES;7ES;ES;ES;ES;;29ES;29ES;9ES;9ES;9ES;9ES;9ES;9ES;9ES;ES;;23ES;23ES;3ES;ES;ES;ES;ES;ES;ES;ES;;26ES;26ES;6ES;6ES;6ES;6ES;ES;ES;ES;ES;;29ES;29ES;9ES;9ES;9ES;9ES;9ES;9ES;9ES;ES;;3ES;3ES;3ES;ES;ES;ES;ES;ES;ES;ES;;CK;CK;DK;DK;DS;DK;DK;EK;DK;EK;EK;EK;ES;ES;ES;ES;ES;ES;ES;ES;;13CK;15CK;17DK;18DK;20DS-DK;19DK-DS;22DK;22EK;20DK-DS;22EK-DS;25EK-DS;25EK-ES;22ES;22ES;27ES;29ES;23ES;26ES;29ES;30ES;21;130-129;12AK-AS
B;139;13CK;15CK;17DK;18DK;19DK;19DS;22DK;22EK;20DS;21DS;25DS;25ES;22DS;22ES;26ES;29ES;23ES;26ES;29ES;30ES;;;13CK;3CK;3CK;CK;CK;CK;CK;CK;CK;CK;;15CK;5CK;5CK;5CK;5CK;CK;CK;CK;CK;CK;;17DK;7DK;7DK;7DK;7DK;7DK;7DK;DK;DK;DK;;18DK;8DK;8DK;8DK;8DK;8DK;8DK;8DK;DK;DK;;19DK;9DK;9DK;9DK;9DK;9DK;9DK;9DK;9DK;DK;;19DS;9DS;9DS;9DS;9DS;9DS;9DS;9DS;9DS;DS;;22DK;22DK;DK;DK;DK;DK;DK;DK;DK;DK;;22EK;22EK;EK;EK;EK;EK;EK;EK;EK;EK;;2DS;2DS;DS;DS;DS;DS;DS;DS;DS;DS;;21DS;2DS;DS;DS;DS;DS;DS;DS;DS;DS;;25DS;25DS;5DS;5DS;5DS;DS;DS;DS;DS;DS;;25ES;25ES;5ES;5ES;5ES;ES;ES;ES;ES;ES;;22DS;22DS;DS;DS;DS;DS;DS;DS;DS;DS;;22ES;22ES;ES;ES;ES;ES;ES;ES;ES;ES;;26ES;26ES;6ES;6ES;6ES;6ES;ES;ES;ES;ES;;29ES;29ES;9ES;9ES;9ES;9ES;9ES;9ES;9ES;ES;;23ES;23ES;3ES;ES;ES;ES;ES;ES;ES;ES;;26ES;26ES;6ES;6ES;6ES;6ES;ES;ES;ES;ES;;29ES;29ES;9ES;9ES;9ES;9ES;9ES;9ES;9ES;ES;;3ES;3ES;3ES;ES;ES;ES;ES;ES;ES;ES;;CK;CK;DK;DK;DK;DS;DK;EK;DS;DS;DS;ES;DS;ES;ES;ES;ES;ES;ES;ES;;13CK;15CK;17DK;18DK;19DK-DS;19DS-DK;22DK-DS;22EK;20DS-DK;21DS-DK;25DS-DK;25ES-EK;22DS;22ES;26ES;29ES;23ES;26ES;29ES;30ES;23;128-127;12AK-AS
A;138;13CK;15CK;16DK;18DK;19DS;19DK;21DS;21DK;20DK;21DK;25DK;24EK;22DS;22ES;26ES;28ES;22ES;25ES;29ES;30ES;;;13CK;3CK;3CK;CK;CK;CK;CK;CK;CK;CK;;15CK;5CK;5CK;5CK;5CK;CK;CK;CK;CK;CK;;16DK;6DK;6DK;6DK;6DK;6DK;DK;DK;DK;DK;;18DK;8DK;8DK;8DK;8DK;8DK;8DK;8DK;DK;DK;;19DS;9DS;9DS;9DS;9DS;9DS;9DS;9DS;9DS;DS;;19DK;9DK;9DK;9DK;9DK;9DK;9DK;9DK;9DK;DK;;21DS;2DS;DS;DS;DS;DS;DS;DS;DS;DS;;21DK;2DK;DK;DK;DK;DK;DK;DK;DK;DK;;2DK;2DK;DK;DK;DK;DK;DK;DK;DK;DK;;21DK;2DK;DK;DK;DK;DK;DK;DK;DK;DK;;25DK;25DK;5DK;5DK;5DK;DK;DK;DK;DK;DK;;24EK;24EK;4EK;4EK;EK;EK;EK;EK;EK;EK;;22DS;22DS;DS;DS;DS;DS;DS;DS;DS;DS;;22ES;22ES;ES;ES;ES;ES;ES;ES;ES;ES;;26ES;26ES;6ES;6ES;6ES;6ES;ES;ES;ES;ES;;28ES;28ES;8ES;8ES;8ES;8ES;8ES;8ES;ES;ES;;22ES;22ES;ES;ES;ES;ES;ES;ES;ES;ES;;25ES;25ES;5ES;5ES;5ES;ES;ES;ES;ES;ES;;29ES;29ES;9ES;9ES;9ES;9ES;9ES;9ES;9ES;ES;;3ES;3ES;3ES;ES;ES;ES;ES;ES;ES;ES;;CK;CK;DK;DK;DS;DK;DS;DK;DK;DK;DK;EK;DS;ES;ES;ES;ES;ES;ES;ES;;13CK;15CK;16DK;18DK;19DS-DK;19DK-DS;21DS-DK;21DK;20DK-DS;21DK-DS;25DK-DS;24EK-ES;22DS;22ES;26ES;28ES;22ES;25ES;29ES;30ES;25;126-125;12AK-AS
B;137;13CK;15CK;16CK;18DK;19DK;19DS;21DK;21DK;19DS;21DS;24DS;24ES;22DS;22ES;26ES;28ES;22ES;25ES;28ES;29ES;;;13CK;3CK;3CK;CK;CK;CK;CK;CK;CK;CK;;15CK;5CK;5CK;5CK;5CK;CK;CK;CK;CK;CK;;16CK;6CK;6CK;6CK;6CK;6CK;CK;CK;CK;CK;;18DK;8DK;8DK;8DK;8DK;8DK;8DK;8DK;DK;DK;;19DK;9DK;9DK;9DK;9DK;9DK;9DK;9DK;9DK;DK;;19DS;9DS;9DS;9DS;9DS;9DS;9DS;9DS;9DS;DS;;21DK;2DK;DK;DK;DK;DK;DK;DK;DK;DK;;21DK;2DK;DK;DK;DK;DK;DK;DK;DK;DK;;19DS;9DS;9DS;9DS;9DS;9DS;9DS;9DS;9DS;DS;;21DS;2DS;DS;DS;DS;DS;DS;DS;DS;DS;;24DS;24DS;4DS;4DS;DS;DS;DS;DS;DS;DS;;24ES;24ES;4ES;4ES;ES;ES;ES;ES;ES;ES;;22DS;22DS;DS;DS;DS;DS;DS;DS;DS;DS;;22ES;22ES;ES;ES;ES;ES;ES;ES;ES;ES;;26ES;26ES;6ES;6ES;6ES;6ES;ES;ES;ES;ES;;28ES;28ES;8ES;8ES;8ES;8ES;8ES;8ES;ES;ES;;22ES;22ES;ES;ES;ES;ES;ES;ES;ES;ES;;25ES;25ES;5ES;5ES;5ES;ES;ES;ES;ES;ES;;28ES;28ES;8ES;8ES;8ES;8ES;8ES;8ES;ES;ES;;29ES;29ES;9ES;9ES;9ES;9ES;9ES;9ES;9ES;ES;;CK;CK;CK;DK;DK;DS;DK;DK;DS;DS;DS;ES;DS;ES;ES;ES;ES;ES;ES;ES;;13CK;15CK;16CK;18DK;19DK-DS;19DS-DK;21DK-DS;21DK-DS;19DS-DK;21DS-DK;24DS-DK;24ES-EK;22DS;22ES;26ES;28ES;22ES;25ES;28ES;29ES;27;124-123;11AK-AS
A;136;13BK;14CK;16CK;18DK;19DS;19DK;21DS;21DS;19DK;21DK;24DK;24EK;21DS;21DS;25ES;28ES;22ES;24ES;28ES;29ES;;;13BK;3BK;3BK;BK;BK;BK;BK;BK;BK;BK;;14CK;4CK;4CK;4CK;CK;CK;CK;CK;CK;CK;;16CK;6CK;6CK;6CK;6CK;6CK;CK;CK;CK;CK;;18DK;8DK;8DK;8DK;8DK;8DK;8DK;8DK;DK;DK;;19DS;9DS;9DS;9DS;9DS;9DS;9DS;9DS;9DS;DS;;19DK;9DK;9DK;9DK;9DK;9DK;9DK;9DK;9DK;DK;;21DS;2DS;DS;DS;DS;DS;DS;DS;DS;DS;;21DS;2DS;DS;DS;DS;DS;DS;DS;DS;DS;;19DK;9DK;9DK;9DK;9DK;9DK;9DK;9DK;9DK;DK;;21DK;2DK;DK;DK;DK;DK;DK;DK;DK;DK;;24DK;24DK;4DK;4DK;DK;DK;DK;DK;DK;DK;;24EK;24EK;4EK;4EK;EK;EK;EK;EK;EK;EK;;21DS;2DS;DS;DS;DS;DS;DS;DS;DS;DS;;21DS;2DS;DS;DS;DS;DS;DS;DS;DS;DS;;25ES;25ES;5ES;5ES;5ES;ES;ES;ES;ES;ES;;28ES;28ES;8ES;8ES;8ES;8ES;8ES;8ES;ES;ES;;22ES;22ES;ES;ES;ES;ES;ES;ES;ES;ES;;24ES;24ES;4ES;4ES;ES;ES;ES;ES;ES;ES;;28ES;28ES;8ES;8ES;8ES;8ES;8ES;8ES;ES;ES;;29ES;29ES;9ES;9ES;9ES;9ES;9ES;9ES;9ES;ES;;BK;CK;CK;DK;DS;DK;DS;DS;DK;DK;DK;EK;DS;DS;ES;ES;ES;ES;ES;ES;;13BK-BS;14CK-CS;16CK;18DK;19DS-DK;19DK-DS;21DS-DK;21DS-DK;19DK-DS;21DK-DS;24DK-DS;24EK-DS;21DS;21DS;25ES;28ES;22ES;24ES;28ES;29ES;29;122-121;11AK-AS
B;135;13BS;14CS;16CK;15DK;19DK;18DS;21DK;21DK;19DS;20DS;24DS;23DS;21DS;21DS;25ES;27ES;21ES;24ES;28ES;28ES;;;13BS;3BS;3BS;BS;BS;BS;BS;BS;BS;BS;;14CS;4CS;4CS;4CS;CS;CS;CS;CS;CS;CS;;16CK;6CK;6CK;6CK;6CK;6CK;CK;CK;CK;CK;;15DK;5DK;5DK;5DK;5DK;DK;DK;DK;DK;DK;;19DK;9DK;9DK;9DK;9DK;9DK;9DK;9DK;9DK;DK;;18DS;8DS;8DS;8DS;8DS;8DS;8DS;8DS;DS;DS;;21DK;2DK;DK;DK;DK;DK;DK;DK;DK;DK;;21DK;2DK;DK;DK;DK;DK;DK;DK;DK;DK;;19DS;9DS;9DS;9DS;9DS;9DS;9DS;9DS;9DS;DS;;2DS;2DS;DS;DS;DS;DS;DS;DS;DS;DS;;24DS;24DS;4DS;4DS;DS;DS;DS;DS;DS;DS;;23DS;23DS;3DS;DS;DS;DS;DS;DS;DS;DS;;21DS;2DS;DS;DS;DS;DS;DS;DS;DS;DS;;21DS;2DS;DS;DS;DS;DS;DS;DS;DS;DS;;25ES;25ES;5ES;5ES;5ES;ES;ES;ES;ES;ES;;27ES;27ES;7ES;7ES;7ES;7ES;7ES;ES;ES;ES;;21ES;2ES;ES;ES;ES;ES;ES;ES;ES;ES;;24ES;24ES;4ES;4ES;ES;ES;ES;ES;ES;ES;;28ES;28ES;8ES;8ES;8ES;8ES;8ES;8ES;ES;ES;;28ES;28ES;8ES;8ES;8ES;8ES;8ES;8ES;ES;ES;;BS;CS;CK;DK;DK;DS;DK;DK;DS;DS;DS;DS;DS;DS;ES;ES;ES;ES;ES;ES;;13BS-BK;14CS-CK;16CK;15DK;19DK-DS;18DS-DK;21DK-DS;21DK-DS;19DS-DK;20DS-DK;24DS-DK;23DS-DK;21DS;21DS;25ES;27ES;21ES;24ES;28ES;28ES;31;120-119;11
A;134;13BK;14CK;16CK;17DK;18DS;18DK;20DS;20DS;19DK;20DK;23DK;23DK;21DS;21DS;25DS;27ES;21ES;24ES;27ES;28ES;;;13BK;3BK;3BK;BK;BK;BK;BK;BK;BK;BK;;14CK;4CK;4CK;4CK;CK;CK;CK;CK;CK;CK;;16CK;6CK;6CK;6CK;6CK;6CK;CK;CK;CK;CK;;17DK;7DK;7DK;7DK;7DK;7DK;7DK;DK;DK;DK;;18DS;8DS;8DS;8DS;8DS;8DS;8DS;8DS;DS;DS;;18DK;8DK;8DK;8DK;8DK;8DK;8DK;8DK;DK;DK;;2DS;2DS;DS;DS;DS;DS;DS;DS;DS;DS;;2DS;2DS;DS;DS;DS;DS;DS;DS;DS;DS;;19DK;9DK;9DK;9DK;9DK;9DK;9DK;9DK;9DK;DK;;2DK;2DK;DK;DK;DK;DK;DK;DK;DK;DK;;23DK;23DK;3DK;DK;DK;DK;DK;DK;DK;DK;;23DK;23DK;3DK;DK;DK;DK;DK;DK;DK;DK;;21DS;2DS;DS;DS;DS;DS;DS;DS;DS;DS;;21DS;2DS;DS;DS;DS;DS;DS;DS;DS;DS;;25DS;25DS;5DS;5DS;5DS;DS;DS;DS;DS;DS;;27ES;27ES;7ES;7ES;7ES;7ES;7ES;ES;ES;ES;;21ES;2ES;ES;ES;ES;ES;ES;ES;ES;ES;;24ES;24ES;4ES;4ES;ES;ES;ES;ES;ES;ES;;27ES;27ES;7ES;7ES;7ES;7ES;7ES;ES;ES;ES;;28ES;28ES;8ES;8ES;8ES;8ES;8ES;8ES;ES;ES;;BK;CK;CK;DK;DS;DK;DS;DS;DK;DK;DK;DK;DS;DS;DS;ES;ES;ES;ES;ES;;13BK-BS;14CK-BS;16CK;17DK;18DS-DK;18DK-DS;20DS-DK;20DS-DK;19DK-CS;20DK-DS;23DK-DS;23DK-DS;21DS;21DS;25DS;27ES;21ES;24ES;27ES;28ES;33;118-117;11
B;133;13BS;14BS;15CK;17DK;18DK;18DS;20DK;20DK;19CS;20DS;23DS;23DS;21DS;21DS;24DS;26ES;21DS;23ES;27ES;28ES;;;13BS;3BS;3BS;BS;BS;BS;BS;BS;BS;BS;;14BS;4BS;4BS;4BS;BS;BS;BS;BS;BS;BS;;15CK;5CK;5CK;5CK;5CK;CK;CK;CK;CK;CK;;17DK;7DK;7DK;7DK;7DK;7DK;7DK;DK;DK;DK;;18DK;8DK;8DK;8DK;8DK;8DK;8DK;8DK;DK;DK;;18DS;8DS;8DS;8DS;8DS;8DS;8DS;8DS;DS;DS;;2DK;2DK;DK;DK;DK;DK;DK;DK;DK;DK;;2DK;2DK;DK;DK;DK;DK;DK;DK;DK;DK;;19CS;9CS;9CS;9CS;9CS;9CS;9CS;9CS;9CS;CS;;2DS;2DS;DS;DS;DS;DS;DS;DS;DS;DS;;23DS;23DS;3DS;DS;DS;DS;DS;DS;DS;DS;;23DS;23DS;3DS;DS;DS;DS;DS;DS;DS;DS;;21DS;2DS;DS;DS;DS;DS;DS;DS;DS;DS;;21DS;2DS;DS;DS;DS;DS;DS;DS;DS;DS;;24DS;24DS;4DS;4DS;DS;DS;DS;DS;DS;DS;;26ES;26ES;6ES;6ES;6ES;6ES;ES;ES;ES;ES;;21DS;2DS;DS;DS;DS;DS;DS;DS;DS;DS;;23ES;23ES;3ES;ES;ES;ES;ES;ES;ES;ES;;27ES;27ES;7ES;7ES;7ES;7ES;7ES;ES;ES;ES;;28ES;28ES;8ES;8ES;8ES;8ES;8ES;8ES;ES;ES;;BS;BS;CK;DK;DK;DS;DK;DK;CS;DS;DS;DS;DS;DS;DS;ES;DS;ES;ES;ES;;13BS-BK;14BS-BK;15CK;17DK;18DK-CS;18DS-DK;20DK-DS;20DK-DS;19CS-CK;20DS-DK;23DS-DK;23DS-DK;21DS;21DS;24DS;26ES;21DS;23ES;27ES;28ES;35;116-115;11
A;132;12BK;14BK;15CK;17DK;18CS;18DK;20DS;20DS;18CK;19DK;23DK;22DK;21DS;20DS;24DS;26ES;20DS;23ES;27ES;27ES;;;12BK;2BK;BK;BK;BK;BK;BK;BK;BK;BK;;14BK;4BK;4BK;4BK;BK;BK;BK;BK;BK;BK;;15CK;5CK;5CK;5CK;5CK;CK;CK;CK;CK;CK;;17DK;7DK;7DK;7DK;7DK;7DK;7DK;DK;DK;DK;;18CS;8CS;8CS;8CS;8CS;8CS;8CS;8CS;CS;CS;;18DK;8DK;8DK;8DK;8DK;8DK;8DK;8DK;DK;DK;;2DS;2DS;DS;DS;DS;DS;DS;DS;DS;DS;;2DS;2DS;DS;DS;DS;DS;DS;DS;DS;DS;;18CK;8CK;8CK;8CK;8CK;8CK;8CK;8CK;CK;CK;;19DK;9DK;9DK;9DK;9DK;9DK;9DK;9DK;9DK;DK;;23DK;23DK;3DK;DK;DK;DK;DK;DK;DK;DK;;22DK;22DK;DK;DK;DK;DK;DK;DK;DK;DK;;21DS;2DS;DS;DS;DS;DS;DS;DS;DS;DS;;2DS;2DS;DS;DS;DS;DS;DS;DS;DS;DS;;24DS;24DS;4DS;4DS;DS;DS;DS;DS;DS;DS;;26ES;26ES;6ES;6ES;6ES;6ES;ES;ES;ES;ES;;2DS;2DS;DS;DS;DS;DS;DS;DS;DS;DS;;23ES;23ES;3ES;ES;ES;ES;ES;ES;ES;ES;;27ES;27ES;7ES;7ES;7ES;7ES;7ES;ES;ES;ES;;27ES;27ES;7ES;7ES;7ES;7ES;7ES;ES;ES;ES;;BK;BK;CK;DK;CS;DK;DS;DS;CK;DK;DK;DK;DS;DS;DS;ES;DS;ES;ES;ES;;12BK-AS;14BK-BS;15CK-CS;17DK;18CS-CK;18DK-CS;20DS-CK;20DS-DK;18CK-CS;19DK-DS;23DK-DS;22DK-DS;21DS;20DS;24DS;26ES;20DS;23ES;27ES;27ES;37;114-113;10
B;131;12AS;14BS;15CS;17DK;18CK;18CS;20CK;19DK;18CS;19DS;23DS;22DS;20DS;20DS;24DS;26DS;20DS;23ES;26ES;27ES;;;12AS;2AS;AS;AS;AS;AS;AS;AS;AS;AS;;14BS;4BS;4BS;4BS;BS;BS;BS;BS;BS;BS;;15CS;5CS;5CS;5CS;5CS;CS;CS;CS;CS;CS;;17DK;7DK;7DK;7DK;7DK;7DK;7DK;DK;DK;DK;;18CK;8CK;8CK;8CK;8CK;8CK;8CK;8CK;CK;CK;;18CS;8CS;8CS;8CS;8CS;8CS;8CS;8CS;CS;CS;;2CK;2CK;CK;CK;CK;CK;CK;CK;CK;CK;;19DK;9DK;9DK;9DK;9DK;9DK;9DK;9DK;9DK;DK;;18CS;8CS;8CS;8CS;8CS;8CS;8CS;8CS;CS;CS;;19DS;9DS;9DS;9DS;9DS;9DS;9DS;9DS;9DS;DS;;23DS;23DS;3DS;DS;DS;DS;DS;DS;DS;DS;;22DS;22DS;DS;DS;DS;DS;DS;DS;DS;DS;;2DS;2DS;DS;DS;DS;DS;DS;DS;DS;DS;;2DS;2DS;DS;DS;DS;DS;DS;DS;DS;DS;;24DS;24DS;4DS;4DS;DS;DS;DS;DS;DS;DS;;26DS;26DS;6DS;6DS;6DS;6DS;DS;DS;DS;DS;;2DS;2DS;DS;DS;DS;DS;DS;DS;DS;DS;;23ES;23ES;3ES;ES;ES;ES;ES;ES;ES;ES;;26ES;26ES;6ES;6ES;6ES;6ES;ES;ES;ES;ES;;27ES;27ES;7ES;7ES;7ES;7ES;7ES;ES;ES;ES;;AS;BS;CS;DK;CK;CS;CK;DK;CS;DS;DS;DS;DS;DS;DS;DS;DS;ES;ES;ES;;12AS-AK;14BS-BK;15CS-CK;17DK;18CK-CS;18CS-CK;20CK-CS;19DK-DS;18CS-CK;19DS-DK;23DS-DK;22DS-DK;20DS;20DS;24DS;26DS;20DS;23ES;26ES;27ES;39;112-111;10
A;130;12AK;14BK;15CK;16DK;18CS;17CK;19CS;19DS;18CK;19DK;22DK;22DK;20DS;20DS;24DS;25DS;20DS;22DS;26ES;26ES;;;12AK;2AK;AK;AK;AK;AK;AK;AK;AK;AK;;14BK;4BK;4BK;4BK;BK;BK;BK;BK;BK;BK;;15CK;5CK;5CK;5CK;5CK;CK;CK;CK;CK;CK;;16DK;6DK;6DK;6DK;6DK;6DK;DK;DK;DK;DK;;18CS;8CS;8CS;8CS;8CS;8CS;8CS;8CS;CS;CS;;17CK;7CK;7CK;7CK;7CK;7CK;7CK;CK;CK;CK;;19CS;9CS;9CS;9CS;9CS;9CS;9CS;9CS;9CS;CS;;19DS;9DS;9DS;9DS;9DS;9DS;9DS;9DS;9DS;DS;;18CK;8CK;8CK;8CK;8CK;8CK;8CK;8CK;CK;CK;;19DK;9DK;9DK;9DK;9DK;9DK;9DK;9DK;9DK;DK;;22DK;22DK;DK;DK;DK;DK;DK;DK;DK;DK;;22DK;22DK;DK;DK;DK;DK;DK;DK;DK;DK;;2DS;2DS;DS;DS;DS;DS;DS;DS;DS;DS;;2DS;2DS;DS;DS;DS;DS;DS;DS;DS;DS;;24DS;24DS;4DS;4DS;DS;DS;DS;DS;DS;DS;;25DS;25DS;5DS;5DS;5DS;DS;DS;DS;DS;DS;;2DS;2DS;DS;DS;DS;DS;DS;DS;DS;DS;;22DS;22DS;DS;DS;DS;DS;DS;DS;DS;DS;;26ES;26ES;6ES;6ES;6ES;6ES;ES;ES;ES;ES;;26ES;26ES;6ES;6ES;6ES;6ES;ES;ES;ES;ES;;AK;BK;CK;DK;CS;CK;CS;DS;CK;DK;DK;DK;DS;DS;DS;DS;DS;DS;ES;ES;;12AK-AS;14BK-BS;15CK-CS;16DK;18CS-CK;17CK-CS;19CS-CK;19DS-DK;18CK-CS;19DK-DS;22DK-DS;22DK-DS;20DS;20DS;24DS;25DS;20DS;22DS;26ES;26ES;41;110-109;10
B;129;12AS;13BS;15CS;16DK;17CK;17CS;19CK;19DK;18CS;19DS;22DS;21DS;20DS;20DS;23DS;25DS;19DS;22DS;26ES;26ES;;;12AS;2AS;AS;AS;AS;AS;AS;AS;AS;AS;;13BS;3BS;3BS;BS;BS;BS;BS;BS;BS;BS;;15CS;5CS;5CS;5CS;5CS;CS;CS;CS;CS;CS;;16DK;6DK;6DK;6DK;6DK;6DK;DK;DK;DK;DK;;17CK;7CK;7CK;7CK;7CK;7CK;7CK;CK;CK;CK;;17CS;7CS;7CS;7CS;7CS;7CS;7CS;CS;CS;CS;;19CK;9CK;9CK;9CK;9CK;9CK;9CK;9CK;9CK;CK;;19DK;9DK;9DK;9DK;9DK;9DK;9DK;9DK;9DK;DK;;18CS;8CS;8CS;8CS;8CS;8CS;8CS;8CS;CS;CS;;19DS;9DS;9DS;9DS;9DS;9DS;9DS;9DS;9DS;DS;;22DS;22DS;DS;DS;DS;DS;DS;DS;DS;DS;;21DS;2DS;DS;DS;DS;DS;DS;DS;DS;DS;;2DS;2DS;DS;DS;DS;DS;DS;DS;DS;DS;;2DS;2DS;DS;DS;DS;DS;DS;DS;DS;DS;;23DS;23DS;3DS;DS;DS;DS;DS;DS;DS;DS;;25DS;25DS;5DS;5DS;5DS;DS;DS;DS;DS;DS;;19DS;9DS;9DS;9DS;9DS;9DS;9DS;9DS;9DS;DS;;22DS;22DS;DS;DS;DS;DS;DS;DS;DS;DS;;26ES;26ES;6ES;6ES;6ES;6ES;ES;ES;ES;ES;;26ES;26ES;6ES;6ES;6ES;6ES;ES;ES;ES;ES;;AS;BS;CS;DK;CK;CS;CK;DK;CS;DS;DS;DS;DS;DS;DS;DS;DS;DS;ES;ES;;12AS-AK;13BS-BK;15CS-BK;16DK;17CK-CS;17CS-CK;19CK-CS;19DK-DS;18CS-CK;19DS-DK;22DS-DK;21DS-DK;20DS;20DS;23DS;25DS;19DS;22DS;26ES;26ES;43;108-107;10
A;128;12AK;13BK;15BK;16CK;17CS;17CK;19CS;19DS;17CK;18DK;22DK;21DK;20CS;19DS;23DS;24DS;19DS;22DS;25ES;26ES;;;12AK;2AK;AK;AK;AK;AK;AK;AK;AK;AK;;13BK;3BK;3BK;BK;BK;BK;BK;BK;BK;BK;;15BK;5BK;5BK;5BK;5BK;BK;BK;BK;BK;BK;;16CK;6CK;6CK;6CK;6CK;6CK;CK;CK;CK;CK;;17CS;7CS;7CS;7CS;7CS;7CS;7CS;CS;CS;CS;;17CK;7CK;7CK;7CK;7CK;7CK;7CK;CK;CK;CK;;19CS;9CS;9CS;9CS;9CS;9CS;9CS;9CS;9CS;CS;;19DS;9DS;9DS;9DS;9DS;9DS;9DS;9DS;9DS;DS;;17CK;7CK;7CK;7CK;7CK;7CK;7CK;CK;CK;CK;;18DK;8DK;8DK;8DK;8DK;8DK;8DK;8DK;DK;DK;;22DK;22DK;DK;DK;DK;DK;DK;DK;DK;DK;;21DK;2DK;DK;DK;DK;DK;DK;DK;DK;DK;;2CS;2CS;CS;CS;CS;CS;CS;CS;CS;CS;;19DS;9DS;9DS;9DS;9DS;9DS;9DS;9DS;9DS;DS;;23DS;23DS;3DS;DS;DS;DS;DS;DS;DS;DS;;24DS;24DS;4DS;4DS;DS;DS;DS;DS;DS;DS;;19DS;9DS;9DS;9DS;9DS;9DS;9DS;9DS;9DS;DS;;22DS;22DS;DS;DS;DS;DS;DS;DS;DS;DS;;25ES;25ES;5ES;5ES;5ES;ES;ES;ES;ES;ES;;26ES;26ES;6ES;6ES;6ES;6ES;ES;ES;ES;ES;;AK;BK;BK;CK;CS;CK;CS;DS;CK;DK;DK;DK;CS;DS;DS;DS;DS;DS;ES;ES;;12AK-AS;13BK-BS;15BK-BS;16CK-CS;17CS-CK;17CK-CS;19CS-CK;19DS-DK;17CK-CS;18DK-CS;22DK-DS;21DK-DS;20CS;19DS;23DS;24DS;19DS;22DS;25ES;26ES;45;106-105;9
B;127;12AS;13BS;14BS;16CS;17CK;17CS;19CK;18DK;17CS;18CS;21DS;21DS;20CS;19DS;23DS;24DS;19DS;21DS;25ES;25ES;;;12AS;2AS;AS;AS;AS;AS;AS;AS;AS;AS;;13BS;3BS;3BS;BS;BS;BS;BS;BS;BS;BS;;14BS;4BS;4BS;4BS;BS;BS;BS;BS;BS;BS;;16CS;6CS;6CS;6CS;6CS;6CS;CS;CS;CS;CS;;17CK;7CK;7CK;7CK;7CK;7CK;7CK;CK;CK;CK;;17CS;7CS;7CS;7CS;7CS;7CS;7CS;CS;CS;CS;;19CK;9CK;9CK;9CK;9CK;9CK;9CK;9CK;9CK;CK;;18DK;8DK;8DK;8DK;8DK;8DK;8DK;8DK;DK;DK;;17CS;7CS;7CS;7CS;7CS;7CS;7CS;CS;CS;CS;;18CS;8CS;8CS;8CS;8CS;8CS;8CS;8CS;CS;CS;;21DS;2DS;DS;DS;DS;DS;DS;DS;DS;DS;;21DS;2DS;DS;DS;DS;DS;DS;DS;DS;DS;;2CS;2CS;CS;CS;CS;CS;CS;CS;CS;CS;;19DS;9DS;9DS;9DS;9DS;9DS;9DS;9DS;9DS;DS;;23DS;23DS;3DS;DS;DS;DS;DS;DS;DS;DS;;24DS;24DS;4DS;4DS;DS;DS;DS;DS;DS;DS;;19DS;9DS;9DS;9DS;9DS;9DS;9DS;9DS;9DS;DS;;21DS;2DS;DS;DS;DS;DS;DS;DS;DS;DS;;25ES;25ES;5ES;5ES;5ES;ES;ES;ES;ES;ES;;25ES;25ES;5ES;5ES;5ES;ES;ES;ES;ES;ES;;AS;BS;BS;CS;CK;CS;CK;DK;CS;CS;DS;DS;CS;DS;DS;DS;DS;DS;ES;ES;;12AS-AK;13BS-AK;14BS-BK;16CS-CK;17CK-CS;17CS-CK;19CK-CS;18DK-DS;17CS-CK;18CS-CK;21DS-DK;21DS-DK;20CS;19DS;23DS;24DS;19DS;21DS;25ES;25ES;47;104-103;9
A;126;12AK;13AK;14BK;15CK;17CS;17CK;18CS;18DS;17CK;18CK;21DK;20DK;19CS;19DS;22DS;24DS;18DS;21DS;25ES;25ES;;;12AK;2AK;AK;AK;AK;AK;AK;AK;AK;AK;;13AK;3AK;3AK;AK;AK;AK;AK;AK;AK;AK;;14BK;4BK;4BK;4BK;BK;BK;BK;BK;BK;BK;;15CK;5CK;5CK;5CK;5CK;CK;CK;CK;CK;CK;;17CS;7CS;7CS;7CS;7CS;7CS;7CS;CS;CS;CS;;17CK;7CK;7CK;7CK;7CK;7CK;7CK;CK;CK;CK;;18CS;8CS;8CS;8CS;8CS;8CS;8CS;8CS;CS;CS;;18DS;8DS;8DS;8DS;8DS;8DS;8DS;8DS;DS;DS;;17CK;7CK;7CK;7CK;7CK;7CK;7CK;CK;CK;CK;;18CK;8CK;8CK;8CK;8CK;8CK;8CK;8CK;CK;CK;;21DK;2DK;DK;DK;DK;DK;DK;DK;DK;DK;;2DK;2DK;DK;DK;DK;DK;DK;DK;DK;DK;;19CS;9CS;9CS;9CS;9CS;9CS;9CS;9CS;9CS;CS;;19DS;9DS;9DS;9DS;9DS;9DS;9DS;9DS;9DS;DS;;22DS;22DS;DS;DS;DS;DS;DS;DS;DS;DS;;24DS;24DS;4DS;4DS;DS;DS;DS;DS;DS;DS;;18DS;8DS;8DS;8DS;8DS;8DS;8DS;8DS;DS;DS;;21DS;2DS;DS;DS;DS;DS;DS;DS;DS;DS;;25ES;25ES;5ES;5ES;5ES;ES;ES;ES;ES;ES;;25ES;25ES;5ES;5ES;5ES;ES;ES;ES;ES;ES;;AK;AK;BK;CK;CS;CK;CS;DS;CK;CK;DK;DK;CS;DS;DS;DS;DS;DS;ES;ES;;12AK-AS;13AK-AS;14BK-BS;15CK-CS;17CS-CK;17CK-CS;18CS-CK;18DS-DK;17CK-CS;18CK-CS;21DK-DS;20DK-DS;19CS;19DS;22DS;24DS;18DS;21DS;25ES;25ES;49;102-101;9
B;125;12AS;13AS;14BS;15CS;17CK;16CS;18CK;18DK;17CS;17CS;21DS;20DS;19CS;19DS;22DS;24DS;18DS;21DS;24ES;24ES;;;12AS;2AS;AS;AS;AS;AS;AS;AS;AS;AS;;13AS;3AS;3AS;AS;AS;AS;AS;AS;AS;AS;;14BS;4BS;4BS;4BS;BS;BS;BS;BS;BS;BS;;15CS;5CS;5CS;5CS;5CS;CS;CS;CS;CS;CS;;17CK;7CK;7CK;7CK;7CK;7CK;7CK;CK;CK;CK;;16CS;6CS;6CS;6CS;6CS;6CS;CS;CS;CS;CS;;18CK;8CK;8CK;8CK;8CK;8CK;8CK;8CK;CK;CK;;18DK;8DK;8DK;8DK;8DK;8DK;8DK;8DK;DK;DK;;17CS;7CS;7CS;7CS;7CS;7CS;7CS;CS;CS;CS;;17CS;7CS;7CS;7CS;7CS;7CS;7CS;CS;CS;CS;;21DS;2DS;DS;DS;DS;DS;DS;DS;DS;DS;;2DS;2DS;DS;DS;DS;DS;DS;DS;DS;DS;;19CS;9CS;9CS;9CS;9CS;9CS;9CS;9CS;9CS;CS;;19DS;9DS;9DS;9DS;9DS;9DS;9DS;9DS;9DS;DS;;22DS;22DS;DS;DS;DS;DS;DS;DS;DS;DS;;24DS;24DS;4DS;4DS;DS;DS;DS;DS;DS;DS;;18DS;8DS;8DS;8DS;8DS;8DS;8DS;8DS;DS;DS;;21DS;2DS;DS;DS;DS;DS;DS;DS;DS;DS;;24ES;24ES;4ES;4ES;ES;ES;ES;ES;ES;ES;;24ES;24ES;4ES;4ES;ES;ES;ES;ES;ES;ES;;AS;AS;BS;CS;CK;CS;CK;DK;CS;CS;DS;DS;CS;DS;DS;DS;DS;DS;ES;ES;;12AS-AK;13AS-AK;14BS-BK;15CS-CK;17CK-CS;16CS-CK;18CK-CS;18DK-DS;17CS-CK;17CS-CK;21DS-CK;20DS-DK;19CS;19DS;22DS;24DS;18DS;21DS;24ES;24ES;51;100-99;9
A;124;11AK;13AK;14BK;15CK;16CS;16CK;18CS;18DS;16CK;17CK;20CK;20DK;19CS;19DS;22DS;23DS;18DS;20DS;24ES;24ES;;;11AK;AK;AK;AK;AK;AK;AK;AK;AK;AK;;13AK;3AK;3AK;AK;AK;AK;AK;AK;AK;AK;;14BK;4BK;4BK;4BK;BK;BK;BK;BK;BK;BK;;15CK;5CK;5CK;5CK;5CK;CK;CK;CK;CK;CK;;16CS;6CS;6CS;6CS;6CS;6CS;CS;CS;CS;CS;;16CK;6CK;6CK;6CK;6CK;6CK;CK;CK;CK;CK;;18CS;8CS;8CS;8CS;8CS;8CS;8CS;8CS;CS;CS;;18DS;8DS;8DS;8DS;8DS;8DS;8DS;8DS;DS;DS;;16CK;6CK;6CK;6CK;6CK;6CK;CK;CK;CK;CK;;17CK;7CK;7CK;7CK;7CK;7CK;7CK;CK;CK;CK;;2CK;2CK;CK;CK;CK;CK;CK;CK;CK;CK;;2DK;2DK;DK;DK;DK;DK;DK;DK;DK;DK;;19CS;9CS;9CS;9CS;9CS;9CS;9CS;9CS;9CS;CS;;19DS;9DS;9DS;9DS;9DS;9DS;9DS;9DS;9DS;DS;;22DS;22DS;DS;DS;DS;DS;DS;DS;DS;DS;;23DS;23DS;3DS;DS;DS;DS;DS;DS;DS;DS;;18DS;8DS;8DS;8DS;8DS;8DS;8DS;8DS;DS;DS;;2DS;2DS;DS;DS;DS;DS;DS;DS;DS;DS;;24ES;24ES;4ES;4ES;ES;ES;ES;ES;ES;ES;;24ES;24ES;4ES;4ES;ES;ES;ES;ES;ES;ES;;AK;AK;BK;CK;CS;CK;CS;DS;CK;CK;CK;DK;CS;DS;DS;DS;DS;DS;ES;ES;;11AK-AS;13AK-AS;14BK-BS;15CK-CS;16CS-BK;16CK-CS;18CS-CK;18DS-CK;16CK-CS;17CK-CS;20CK-CS;20DK-DS;19CS;19DS;22DS;23DS;18DS;20DS;24ES;24ES;53;98-97;8
B;123;11AS;13AS;14BS;15CS;16BK;16CS;18CK;17CK;16CS;17CS;20CS;19DS;19CS;18DS;21DS;23DS;17DS;20DS;24ES;24DS;;;11AS;AS;AS;AS;AS;AS;AS;AS;AS;AS;;13AS;3AS;3AS;AS;AS;AS;AS;AS;AS;AS;;14BS;4BS;4BS;4BS;BS;BS;BS;BS;BS;BS;;15CS;5CS;5CS;5CS;5CS;CS;CS;CS;CS;CS;;16BK;6BK;6BK;6BK;6BK;6BK;BK;BK;BK;BK;;16CS;6CS;6CS;6CS;6CS;6CS;CS;CS;CS;CS;;18CK;8CK;8CK;8CK;8CK;8CK;8CK;8CK;CK;CK;;17CK;7CK;7CK;7CK;7CK;7CK;7CK;CK;CK;CK;;16CS;6CS;6CS;6CS;6CS;6CS;CS;CS;CS;CS;;17CS;7CS;7CS;7CS;7CS;7CS;7CS;CS;CS;CS;;2CS;2CS;CS;CS;CS;CS;CS;CS;CS;CS;;19DS;9DS;9DS;9DS;9DS;9DS;9DS;9DS;9DS;DS;;19CS;9CS;9CS;9CS;9CS;9CS;9CS;9CS;9CS;CS;;18DS;8DS;8DS;8DS;8DS;8DS;8DS;8DS;DS;DS;;21DS;2DS;DS;DS;DS;DS;DS;DS;DS;DS;;23DS;23DS;3DS;DS;DS;DS;DS;DS;DS;DS;;17DS;7DS;7DS;7DS;7DS;7DS;7DS;DS;DS;DS;;2DS;2DS;DS;DS;DS;DS;DS;DS;DS;DS;;24ES;24ES;4ES;4ES;ES;ES;ES;ES;ES;ES;;24DS;24DS;4DS;4DS;DS;DS;DS;DS;DS;DS;;AS;AS;BS;CS;BK;CS;CK;CK;CS;CS;CS;DS;CS;DS;DS;DS;DS;DS;ES;DS;;11AS-AK;13AS-AK;14BS-BK;15CS-CK;16BK-BS;16CS-CK;18CK-CS;17CK-CS;16CS-CK;17CS-CK;20CS-CK;19DS-DK;19CS;18DS;21DS;23DS;17DS;20DS;24ES;24DS;55;96-95;8
A;122;11AK;12AK;14BK;15CK;16BS;16CK;17CS;17CS;16CK;17CK;20CK;19DK;18CS;18DS;21DS;23DS;17DS;19DS;23ES;23DS;;;11AK;AK;AK;AK;AK;AK;AK;AK;AK;AK;;12AK;2AK;AK;AK;AK;AK;AK;AK;AK;AK;;14BK;4BK;4BK;4BK;BK;BK;BK;BK;BK;BK;;15CK;5CK;5CK;5CK;5CK;CK;CK;CK;CK;CK;;16BS;6BS;6BS;6BS;6BS;6BS;BS;BS;BS;BS;;16CK;6CK;6CK;6CK;6CK;6CK;CK;CK;CK;CK;;17CS;7CS;7CS;7CS;7CS;7CS;7CS;CS;CS;CS;;17CS;7CS;7CS;7CS;7CS;7CS;7CS;CS;CS;CS;;16CK;6CK;6CK;6CK;6CK;6CK;CK;CK;CK;CK;;17CK;7CK;7CK;7CK;7CK;7CK;7CK;CK;CK;CK;;2CK;2CK;CK;CK;CK;CK;CK;CK;CK;CK;;19DK;9DK;9DK;9DK;9DK;9DK;9DK;9DK;9DK;DK;;18CS;8CS;8CS;8CS;8CS;8CS;8CS;8CS;CS;CS;;18DS;8DS;8DS;8DS;8DS;8DS;8DS;8DS;DS;DS;;21DS;2DS;DS;DS;DS;DS;DS;DS;DS;DS;;23DS;23DS;3DS;DS;DS;DS;DS;DS;DS;DS;;17DS;7DS;7DS;7DS;7DS;7DS;7DS;DS;DS;DS;;19DS;9DS;9DS;9DS;9DS;9DS;9DS;9DS;9DS;DS;;23ES;23ES;3ES;ES;ES;ES;ES;ES;ES;ES;;23DS;23DS;3DS;DS;DS;DS;DS;DS;DS;DS;;AK;AK;BK;CK;BS;CK;CS;CS;CK;CK;CK;DK;CS;DS;DS;DS;DS;DS;ES;DS;;11AK-AS;12AK-AS;14BK-BS;15CK-CS;16BS-BK;16CK-BS;17CS-CK;17CS-CK;16CK-CS;17CK-CS;20CK-CS;19DK-DS;18CS;18DS;21DS;23DS;17DS;19DS;23ES;23DS;57;94-93;8
B;121;11AS;12AS;13BS;14CS;16BK;15BS;17CK;17CK;16CS;16CS;19CS;19DS;18CS;18DS;21DS;22DS;16DS;19DS;23DS;23DS;;;11AS;AS;AS;AS;AS;AS;AS;AS;AS;AS;;12AS;2AS;AS;AS;AS;AS;AS;AS;AS;AS;;13BS;3BS;3BS;BS;BS;BS;BS;BS;BS;BS;;14CS;4CS;4CS;4CS;CS;CS;CS;CS;CS;CS;;16BK;6BK;6BK;6BK;6BK;6BK;BK;BK;BK;BK;;15BS;5BS;5BS;5BS;5BS;BS;BS;BS;BS;BS;;17CK;7CK;7CK;7CK;7CK;7CK;7CK;CK;CK;CK;;17CK;7CK;7CK;7CK;7CK;7CK;7CK;CK;CK;CK;;16CS;6CS;6CS;6CS;6CS;6CS;CS;CS;CS;CS;;16CS;6CS;6CS;6CS;6CS;6CS;CS;CS;CS;CS;;19CS;9CS;9CS;9CS;9CS;9CS;9CS;9CS;9CS;CS;;19DS;9DS;9DS;9DS;9DS;9DS;9DS;9DS;9DS;DS;;18CS;8CS;8CS;8CS;8CS;8CS;8CS;8CS;CS;CS;;18DS;8DS;8DS;8DS;8DS;8DS;8DS;8DS;DS;DS;;21DS;2DS;DS;DS;DS;DS;DS;DS;DS;DS;;22DS;22DS;DS;DS;DS;DS;DS;DS;DS;DS;;16DS;6DS;6DS;6DS;6DS;6DS;DS;DS;DS;DS;;19DS;9DS;9DS;9DS;9DS;9DS;9DS;9DS;9DS;DS;;23DS;23DS;3DS;DS;DS;DS;DS;DS;DS;DS;;23DS;23DS;3DS;DS;DS;DS;DS;DS;DS;DS;;AS;AS;BS;CS;BK;BS;CK;CK;CS;CS;CS;DS;CS;DS;DS;DS;DS;DS;DS;DS;;11AS-;12AS-AK;13BS-BK;14CS-CK;16BK-BS;15BS-BK;17CK-CS;17CK-CS;16CS-CK;16CS-CK;19CS-CK;19DS;18CS;18DS;21DS;22DS;16DS;19DS;23DS;23DS;59;92-91;8
A;120;11;12AK;13BK;14CK;16BS;15BK;17CS;17CS;16CK;16CK;19CK;18DS;18CS;18DS;21DS;22DS;16DS;19DS;23DS;22DS;;;11;;;;;;;;;;;12AK;2AK;AK;AK;AK;AK;AK;AK;AK;AK;;13BK;3BK;3BK;BK;BK;BK;BK;BK;BK;BK;;14CK;4CK;4CK;4CK;CK;CK;CK;CK;CK;CK;;16BS;6BS;6BS;6BS;6BS;6BS;BS;BS;BS;BS;;15BK;5BK;5BK;5BK;5BK;BK;BK;BK;BK;BK;;17CS;7CS;7CS;7CS;7CS;7CS;7CS;CS;CS;CS;;17CS;7CS;7CS;7CS;7CS;7CS;7CS;CS;CS;CS;;16CK;6CK;6CK;6CK;6CK;6CK;CK;CK;CK;CK;;16CK;6CK;6CK;6CK;6CK;6CK;CK;CK;CK;CK;;19CK;9CK;9CK;9CK;9CK;9CK;9CK;9CK;9CK;CK;;18DS;8DS;8DS;8DS;8DS;8DS;8DS;8DS;DS;DS;;18CS;8CS;8CS;8CS;8CS;8CS;8CS;8CS;CS;CS;;18DS;8DS;8DS;8DS;8DS;8DS;8DS;8DS;DS;DS;;21DS;2DS;DS;DS;DS;DS;DS;DS;DS;DS;;22DS;22DS;DS;DS;DS;DS;DS;DS;DS;DS;;16DS;6DS;6DS;6DS;6DS;6DS;DS;DS;DS;DS;;19DS;9DS;9DS;9DS;9DS;9DS;9DS;9DS;9DS;DS;;23DS;23DS;3DS;DS;DS;DS;DS;DS;DS;DS;;22DS;22DS;DS;DS;DS;DS;DS;DS;DS;DS;;;AK;BK;CK;BS;BK;CS;CS;CK;CK;CK;DS;CS;DS;DS;DS;DS;DS;DS;DS;;11;12AK-AS;13BK-AS;14CK-CS;16BS-BK;15BK-BS;17CS-CK;17CS-CK;16CK-CS;16CK-CS;19CK-CS;18DS;18CS;18DS;21DS;22DS;16DS;19DS;23DS;22DS;61;90-89;8
B;119;11;12AS;13AS;14CS;15BK;15BS;17CK;16CK;15CS;16CS;19CS;18DS;18CS;17CS;20DS;22DS;16CS;18DS;22DS;22DS;;;11;;;;;;;;;;;12AS;2AS;AS;AS;AS;AS;AS;AS;AS;AS;;13AS;3AS;3AS;AS;AS;AS;AS;AS;AS;AS;;14CS;4CS;4CS;4CS;CS;CS;CS;CS;CS;CS;;15BK;5BK;5BK;5BK;5BK;BK;BK;BK;BK;BK;;15BS;5BS;5BS;5BS;5BS;BS;BS;BS;BS;BS;;17CK;7CK;7CK;7CK;7CK;7CK;7CK;CK;CK;CK;;16CK;6CK;6CK;6CK;6CK;6CK;CK;CK;CK;CK;;15CS;5CS;5CS;5CS;5CS;CS;CS;CS;CS;CS;;16CS;6CS;6CS;6CS;6CS;6CS;CS;CS;CS;CS;;19CS;9CS;9CS;9CS;9CS;9CS;9CS;9CS;9CS;CS;;18DS;8DS;8DS;8DS;8DS;8DS;8DS;8DS;DS;DS;;18CS;8CS;8CS;8CS;8CS;8CS;8CS;8CS;CS;CS;;17CS;7CS;7CS;7CS;7CS;7CS;7CS;CS;CS;CS;;2DS;2DS;DS;DS;DS;DS;DS;DS;DS;DS;;22DS;22DS;DS;DS;DS;DS;DS;DS;DS;DS;;16CS;6CS;6CS;6CS;6CS;6CS;CS;CS;CS;CS;;18DS;8DS;8DS;8DS;8DS;8DS;8DS;8DS;DS;DS;;22DS;22DS;DS;DS;DS;DS;DS;DS;DS;DS;;22DS;22DS;DS;DS;DS;DS;DS;DS;DS;DS;;;AS;AS;CS;BK;BS;CK;CK;CS;CS;CS;DS;CS;CS;DS;DS;CS;DS;DS;DS;;11;12AS-AK;13AS-AK;14CS-BK;15BK-BS;15BS-BK;17CK-CS;16CK-CS;15CS-BK;16CS-CK;19CS-CK;18DS-DK;18CS;17CS;20DS;22DS;16CS;18DS;22DS;22DS;63;88-87;7
A;118;11;12AK;13AK;14BK;15BS;15BK;16CS;16CS;15BK;15CK;18CK;18DK;18CS;17CS;20DS;21DS;16CS;18DS;22DS;22DS;;;11;;;;;;;;;;;12AK;2AK;AK;AK;AK;AK;AK;AK;AK;AK;;13AK;3AK;3AK;AK;AK;AK;AK;AK;AK;AK;;14BK;4BK;4BK;4BK;BK;BK;BK;BK;BK;BK;;15BS;5BS;5BS;5BS;5BS;BS;BS;BS;BS;BS;;15BK;5BK;5BK;5BK;5BK;BK;BK;BK;BK;BK;;16CS;6CS;6CS;6CS;6CS;6CS;CS;CS;CS;CS;;16CS;6CS;6CS;6CS;6CS;6CS;CS;CS;CS;CS;;15BK;5BK;5BK;5BK;5BK;BK;BK;BK;BK;BK;;15CK;5CK;5CK;5CK;5CK;CK;CK;CK;CK;CK;;18CK;8CK;8CK;8CK;8CK;8CK;8CK;8CK;CK;CK;;18DK;8DK;8DK;8DK;8DK;8DK;8DK;8DK;DK;DK;;18CS;8CS;8CS;8CS;8CS;8CS;8CS;8CS;CS;CS;;17CS;7CS;7CS;7CS;7CS;7CS;7CS;CS;CS;CS;;2DS;2DS;DS;DS;DS;DS;DS;DS;DS;DS;;21DS;2DS;DS;DS;DS;DS;DS;DS;DS;DS;;16CS;6CS;6CS;6CS;6CS;6CS;CS;CS;CS;CS;;18DS;8DS;8DS;8DS;8DS;8DS;8DS;8DS;DS;DS;;22DS;22DS;DS;DS;DS;DS;DS;DS;DS;DS;;22DS;22DS;DS;DS;DS;DS;DS;DS;DS;DS;;;AK;AK;BK;BS;BK;CS;CS;BK;CK;CK;DK;CS;CS;DS;DS;CS;DS;DS;DS;;11;12AK-AS;13AK-AS;14BK-BS;15BS-BK;15BK-BS;16CS-BK;16CS-CK;15BK-BS;15CK-CS;18CK-CS;18DK-CS;18CS-CK;17CS;20DS;21DS;16CS;18DS;22DS;22DS;65;86-85;7
B;117;11;12AS;13AS;14BS;15BK;15BS;16BK;16CK;15BS;15CS;18CS;17CS;17CK;17CS;20CS;21DS;15CS;18DS;22DS;21DS;;;11;;;;;;;;;;;12AS;2AS;AS;AS;AS;AS;AS;AS;AS;AS;;13AS;3AS;3AS;AS;AS;AS;AS;AS;AS;AS;;14BS;4BS;4BS;4BS;BS;BS;BS;BS;BS;BS;;15BK;5BK;5BK;5BK;5BK;BK;BK;BK;BK;BK;;15BS;5BS;5BS;5BS;5BS;BS;BS;BS;BS;BS;;16BK;6BK;6BK;6BK;6BK;6BK;BK;BK;BK;BK;;16CK;6CK;6CK;6CK;6CK;6CK;CK;CK;CK;CK;;15BS;5BS;5BS;5BS;5BS;BS;BS;BS;BS;BS;;15CS;5CS;5CS;5CS;5CS;CS;CS;CS;CS;CS;;18CS;8CS;8CS;8CS;8CS;8CS;8CS;8CS;CS;CS;;17CS;7CS;7CS;7CS;7CS;7CS;7CS;CS;CS;CS;;17CK;7CK;7CK;7CK;7CK;7CK;7CK;CK;CK;CK;;17CS;7CS;7CS;7CS;7CS;7CS;7CS;CS;CS;CS;;2CS;2CS;CS;CS;CS;CS;CS;CS;CS;CS;;21DS;2DS;DS;DS;DS;DS;DS;DS;DS;DS;;15CS;5CS;5CS;5CS;5CS;CS;CS;CS;CS;CS;;18DS;8DS;8DS;8DS;8DS;8DS;8DS;8DS;DS;DS;;22DS;22DS;DS;DS;DS;DS;DS;DS;DS;DS;;21DS;2DS;DS;DS;DS;DS;DS;DS;DS;DS;;;AS;AS;BS;BK;BS;BK;CK;BS;CS;CS;CS;CK;CS;CS;DS;CS;DS;DS;DS;;11;12AS-AK;13AS-AK;14BS-BK;15BK-AS;15BS-BK;16BK-BS;16CK-CS;15BS-BK;15CS-CK;18CS-CK;17CS-CK;17CK-CS;17CS;20CS;21DS;15CS;18DS;22DS;21DS;67;84-83;7
A;116;11;12AK;12AK;13BK;15AS;14BK;16BS;16CS;15BK;15CK;18CK;17CK;17CS;17CS;19CS;20DS;15CS;17DS;21DS;21DS;;;11;;;;;;;;;;;12AK;2AK;AK;AK;AK;AK;AK;AK;AK;AK;;12AK;2AK;AK;AK;AK;AK;AK;AK;AK;AK;;13BK;3BK;3BK;BK;BK;BK;BK;BK;BK;BK;;15AS;5AS;5AS;5AS;5AS;AS;AS;AS;AS;AS;;14BK;4BK;4BK;4BK;BK;BK;BK;BK;BK;BK;;16BS;6BS;6BS;6BS;6BS;6BS;BS;BS;BS;BS;;16CS;6CS;6CS;6CS;6CS;6CS;CS;CS;CS;CS;;15BK;5BK;5BK;5BK;5BK;BK;BK;BK;BK;BK;;15CK;5CK;5CK;5CK;5CK;CK;CK;CK;CK;CK;;18CK;8CK;8CK;8CK;8CK;8CK;8CK;8CK;CK;CK;;17CK;7CK;7CK;7CK;7CK;7CK;7CK;CK;CK;CK;;17CS;7CS;7CS;7CS;7CS;7CS;7CS;CS;CS;CS;;17CS;7CS;7CS;7CS;7CS;7CS;7CS;CS;CS;CS;;19CS;9CS;9CS;9CS;9CS;9CS;9CS;9CS;9CS;CS;;2DS;2DS;DS;DS;DS;DS;DS;DS;DS;DS;;15CS;5CS;5CS;5CS;5CS;CS;CS;CS;CS;CS;;17DS;7DS;7DS;7DS;7DS;7DS;7DS;DS;DS;DS;;21DS;2DS;DS;DS;DS;DS;DS;DS;DS;DS;;21DS;2DS;DS;DS;DS;DS;DS;DS;DS;DS;;;AK;AK;BK;AS;BK;BS;CS;BK;CK;CK;CK;CS;CS;CS;DS;CS;DS;DS;DS;;11;12AK-;12AK-AS;13BK-BS;15AS-AK;14BK-BS;16BS-BK;16CS-CK;15BK-BS;15CK-CS;18CK-CS;17CK-CS;17CS-CK;17CS;19CS;20DS;15CS;17DS;21DS;21DS;69;82-81;7
B;115;10;11;12AS;13BS;14AK;14BS;16BK;15CK;14BS;15CS;18CS;17CS;17CK;17CS;19CS;20DS;15CS;17DS;21DS;20DS;;;1;;;;;;;;;;;11;;;;;;;;;;;12AS;2AS;AS;AS;AS;AS;AS;AS;AS;AS;;13BS;3BS;3BS;BS;BS;BS;BS;BS;BS;BS;;14AK;4AK;4AK;4AK;AK;AK;AK;AK;AK;AK;;14BS;4BS;4BS;4BS;BS;BS;BS;BS;BS;BS;;16BK;6BK;6BK;6BK;6BK;6BK;BK;BK;BK;BK;;15CK;5CK;5CK;5CK;5CK;CK;CK;CK;CK;CK;;14BS;4BS;4BS;4BS;BS;BS;BS;BS;BS;BS;;15CS;5CS;5CS;5CS;5CS;CS;CS;CS;CS;CS;;18CS;8CS;8CS;8CS;8CS;8CS;8CS;8CS;CS;CS;;17CS;7CS;7CS;7CS;7CS;7CS;7CS;CS;CS;CS;;17CK;7CK;7CK;7CK;7CK;7CK;7CK;CK;CK;CK;;17CS;7CS;7CS;7CS;7CS;7CS;7CS;CS;CS;CS;;19CS;9CS;9CS;9CS;9CS;9CS;9CS;9CS;9CS;CS;;2DS;2DS;DS;DS;DS;DS;DS;DS;DS;DS;;15CS;5CS;5CS;5CS;5CS;CS;CS;CS;CS;CS;;17DS;7DS;7DS;7DS;7DS;7DS;7DS;DS;DS;DS;;21DS;2DS;DS;DS;DS;DS;DS;DS;DS;DS;;2DS;2DS;DS;DS;DS;DS;DS;DS;DS;DS;;;;AS;BS;AK;BS;BK;CK;BS;CS;CS;CS;CK;CS;CS;DS;CS;DS;DS;DS;;10;11;12AS-AK;13BS-BK;14AK-AS;14BS-BK;16BK-BS;15CK-CS;14BS-BK;15CS-CK;18CS-CK;17CS-CK;17CK-CS;17CS-CK;19CS;20DS;15CS;17DS;21DS;20DS;71;80-79;6
A;114;10;11;12AK;13BK;14AS;14BK;15BS;15CS;14BK;14CK;17CK;16CK;17CS;16CK;19CS;20DS;14CS;17CS;21DS;20DS;;;1;;;;;;;;;;;11;;;;;;;;;;;12AK;2AK;AK;AK;AK;AK;AK;AK;AK;AK;;13BK;3BK;3BK;BK;BK;BK;BK;BK;BK;BK;;14AS;4AS;4AS;4AS;AS;AS;AS;AS;AS;AS;;14BK;4BK;4BK;4BK;BK;BK;BK;BK;BK;BK;;15BS;5BS;5BS;5BS;5BS;BS;BS;BS;BS;BS;;15CS;5CS;5CS;5CS;5CS;CS;CS;CS;CS;CS;;14BK;4BK;4BK;4BK;BK;BK;BK;BK;BK;BK;;14CK;4CK;4CK;4CK;CK;CK;CK;CK;CK;CK;;17CK;7CK;7CK;7CK;7CK;7CK;7CK;CK;CK;CK;;16CK;6CK;6CK;6CK;6CK;6CK;CK;CK;CK;CK;;17CS;7CS;7CS;7CS;7CS;7CS;7CS;CS;CS;CS;;16CK;6CK;6CK;6CK;6CK;6CK;CK;CK;CK;CK;;19CS;9CS;9CS;9CS;9CS;9CS;9CS;9CS;9CS;CS;;2DS;2DS;DS;DS;DS;DS;DS;DS;DS;DS;;14CS;4CS;4CS;4CS;CS;CS;CS;CS;CS;CS;;17CS;7CS;7CS;7CS;7CS;7CS;7CS;CS;CS;CS;;21DS;2DS;DS;DS;DS;DS;DS;DS;DS;DS;;2DS;2DS;DS;DS;DS;DS;DS;DS;DS;DS;;;;AK;BK;AS;BK;BS;CS;BK;CK;CK;CK;CS;CK;CS;DS;CS;CS;DS;DS;;10;11;12AK-AS;13BK-BS;14AS-AK;14BK-BS;15BS-BK;15CS-CK;14BK-BS;14CK-CS;17CK-CS;16CK-CS;17CS-CK;16CK-CS;19CS;20DS;14CS;17CS;21DS;20DS;73;78-77;6
B;113;10;11;12AS;13BS;14AK;14BS;15BK;15CK;14BS;14CS;17CS;16CS;16CK;16CS;18CS;19DS;14CS;16CS;20DS;20DS;;;1;;;;;;;;;;;11;;;;;;;;;;;12AS;2AS;AS;AS;AS;AS;AS;AS;AS;AS;;13BS;3BS;3BS;BS;BS;BS;BS;BS;BS;BS;;14AK;4AK;4AK;4AK;AK;AK;AK;AK;AK;AK;;14BS;4BS;4BS;4BS;BS;BS;BS;BS;BS;BS;;15BK;5BK;5BK;5BK;5BK;BK;BK;BK;BK;BK;;15CK;5CK;5CK;5CK;5CK;CK;CK;CK;CK;CK;;14BS;4BS;4BS;4BS;BS;BS;BS;BS;BS;BS;;14CS;4CS;4CS;4CS;CS;CS;CS;CS;CS;CS;;17CS;7CS;7CS;7CS;7CS;7CS;7CS;CS;CS;CS;;16CS;6CS;6CS;6CS;6CS;6CS;CS;CS;CS;CS;;16CK;6CK;6CK;6CK;6CK;6CK;CK;CK;CK;CK;;16CS;6CS;6CS;6CS;6CS;6CS;CS;CS;CS;CS;;18CS;8CS;8CS;8CS;8CS;8CS;8CS;8CS;CS;CS;;19DS;9DS;9DS;9DS;9DS;9DS;9DS;9DS;9DS;DS;;14CS;4CS;4CS;4CS;CS;CS;CS;CS;CS;CS;;16CS;6CS;6CS;6CS;6CS;6CS;CS;CS;CS;CS;;2DS;2DS;DS;DS;DS;DS;DS;DS;DS;DS;;2DS;2DS;DS;DS;DS;DS;DS;DS;DS;DS;;;;AS;BS;AK;BS;BK;CK;BS;CS;CS;CS;CK;CS;CS;DS;CS;CS;DS;DS;;10;11;12AS-AK;13BS-BK;14AK-AS;14BS-AK;15BK-BS;15CK-CS;14BS-BK;14CS-BK;17CS-CK;16CS-CK;16CK-BS;16CS-CK;18CS-CK;19DS;14CS;16CS;20DS;20DS;75;76-75;6
A;112;10;11;12AK;13BK;14AS;14AK;15BS;14CS;14BK;14BK;17CK;16CK;16BS;16CK;18CK;19DS;14CS;16CS;20DS;19DS;;;1;;;;;;;;;;;11;;;;;;;;;;;12AK;2AK;AK;AK;AK;AK;AK;AK;AK;AK;;13BK;3BK;3BK;BK;BK;BK;BK;BK;BK;BK;;14AS;4AS;4AS;4AS;AS;AS;AS;AS;AS;AS;;14AK;4AK;4AK;4AK;AK;AK;AK;AK;AK;AK;;15BS;5BS;5BS;5BS;5BS;BS;BS;BS;BS;BS;;14CS;4CS;4CS;4CS;CS;CS;CS;CS;CS;CS;;14BK;4BK;4BK;4BK;BK;BK;BK;BK;BK;BK;;14BK;4BK;4BK;4BK;BK;BK;BK;BK;BK;BK;;17CK;7CK;7CK;7CK;7CK;7CK;7CK;CK;CK;CK;;16CK;6CK;6CK;6CK;6CK;6CK;CK;CK;CK;CK;;16BS;6BS;6BS;6BS;6BS;6BS;BS;BS;BS;BS;;16CK;6CK;6CK;6CK;6CK;6CK;CK;CK;CK;CK;;18CK;8CK;8CK;8CK;8CK;8CK;8CK;8CK;CK;CK;;19DS;9DS;9DS;9DS;9DS;9DS;9DS;9DS;9DS;DS;;14CS;4CS;4CS;4CS;CS;CS;CS;CS;CS;CS;;16CS;6CS;6CS;6CS;6CS;6CS;CS;CS;CS;CS;;2DS;2DS;DS;DS;DS;DS;DS;DS;DS;DS;;19DS;9DS;9DS;9DS;9DS;9DS;9DS;9DS;9DS;DS;;;;AK;BK;AS;AK;BS;CS;BK;BK;CK;CK;BS;CK;CK;DS;CS;CS;DS;DS;;10;11;12AK-AS;13BK-BS;14AS-AK;14AK-AS;15BS-BK;14CS-CK;14BK-BS;14BK-BS;17CK-CS;16CK-CS;16BS-BK;16CK-CS;18CK-CS;19DS;14CS-CK;16CS;20DS;19DS;77;74-73;6
B;111;10;11;12AS;12BS;14AK;13AS;15BK;14CK;13BS;13BS;16CS;15CS;16BK;16CS;18CS;19CS;13CK;16CS;20DS;19DS;;;1;;;;;;;;;;;11;;;;;;;;;;;12AS;2AS;AS;AS;AS;AS;AS;AS;AS;AS;;12BS;2BS;BS;BS;BS;BS;BS;BS;BS;BS;;14AK;4AK;4AK;4AK;AK;AK;AK;AK;AK;AK;;13AS;3AS;3AS;AS;AS;AS;AS;AS;AS;AS;;15BK;5BK;5BK;5BK;5BK;BK;BK;BK;BK;BK;;14CK;4CK;4CK;4CK;CK;CK;CK;CK;CK;CK;;13BS;3BS;3BS;BS;BS;BS;BS;BS;BS;BS;;13BS;3BS;3BS;BS;BS;BS;BS;BS;BS;BS;;16CS;6CS;6CS;6CS;6CS;6CS;CS;CS;CS;CS;;15CS;5CS;5CS;5CS;5CS;CS;CS;CS;CS;CS;;16BK;6BK;6BK;6BK;6BK;6BK;BK;BK;BK;BK;;16CS;6CS;6CS;6CS;6CS;6CS;CS;CS;CS;CS;;18CS;8CS;8CS;8CS;8CS;8CS;8CS;8CS;CS;CS;;19CS;9CS;9CS;9CS;9CS;9CS;9CS;9CS;9CS;CS;;13CK;3CK;3CK;CK;CK;CK;CK;CK;CK;CK;;16CS;6CS;6CS;6CS;6CS;6CS;CS;CS;CS;CS;;2DS;2DS;DS;DS;DS;DS;DS;DS;DS;DS;;19DS;9DS;9DS;9DS;9DS;9DS;9DS;9DS;9DS;DS;;;;AS;BS;AK;AS;BK;CK;BS;BS;CS;CS;BK;CS;CS;CS;CK;CS;DS;DS;;10;11;12AS-AK;12BS-BK;14AK-AS;13AS-AK;15BK-BS;14CK-CS;13BS-BK;13BS-BK;16CS-CK;15CS-CK;16BK-BS;16CS-CK;18CS-CK;19CS-CK;13CK-CS;16CS;20DS;19DS;79;72-71;5
A;110;10;11;11AK;12BK;14AS;13AK;14BS;14CS;13BK;13BK;16CK;15CK;16BS;15CK;18CK;18CK;13CS;15CS;20DS;18DS;;;1;;;;;;;;;;;11;;;;;;;;;;;11AK;AK;AK;AK;AK;AK;AK;AK;AK;AK;;12BK;2BK;BK;BK;BK;BK;BK;BK;BK;BK;;14AS;4AS;4AS;4AS;AS;AS;AS;AS;AS;AS;;13AK;3AK;3AK;AK;AK;AK;AK;AK;AK;AK;;14BS;4BS;4BS;4BS;BS;BS;BS;BS;BS;BS;;14CS;4CS;4CS;4CS;CS;CS;CS;CS;CS;CS;;13BK;3BK;3BK;BK;BK;BK;BK;BK;BK;BK;;13BK;3BK;3BK;BK;BK;BK;BK;BK;BK;BK;;16CK;6CK;6CK;6CK;6CK;6CK;CK;CK;CK;CK;;15CK;5CK;5CK;5CK;5CK;CK;CK;CK;CK;CK;;16BS;6BS;6BS;6BS;6BS;6BS;BS;BS;BS;BS;;15CK;5CK;5CK;5CK;5CK;CK;CK;CK;CK;CK;;18CK;8CK;8CK;8CK;8CK;8CK;8CK;8CK;CK;CK;;18CK;8CK;8CK;8CK;8CK;8CK;8CK;8CK;CK;CK;;13CS;3CS;3CS;CS;CS;CS;CS;CS;CS;CS;;15CS;5CS;5CS;5CS;5CS;CS;CS;CS;CS;CS;;2DS;2DS;DS;DS;DS;DS;DS;DS;DS;DS;;18DS;8DS;8DS;8DS;8DS;8DS;8DS;8DS;DS;DS;;;;AK;BK;AS;AK;BS;CS;BK;BK;CK;CK;BS;CK;CK;CK;CS;CS;DS;DS;;10;11;11AK-AS;12BK-AS;14AS-AK;13AK-AS;14BS-BK;14CS-BK;13BK-BS;13BK-BS;16CK-CS;15CK-CS;16BS-BK;15CK-CS;18CK-CS;18CK-CS;13CS-CK;15CS;20DS;18DS;81;70-69;5
B;109;10;11;11AS;12AS;13AK;13AS;14BK;14BK;13BS;13BS;16CS;15CS;16BK;15CS;17CS;18CS;13CK;15CS;19DS;18DS;;;1;;;;;;;;;;;11;;;;;;;;;;;11AS;AS;AS;AS;AS;AS;AS;AS;AS;AS;;12AS;2AS;AS;AS;AS;AS;AS;AS;AS;AS;;13AK;3AK;3AK;AK;AK;AK;AK;AK;AK;AK;;13AS;3AS;3AS;AS;AS;AS;AS;AS;AS;AS;;14BK;4BK;4BK;4BK;BK;BK;BK;BK;BK;BK;;14BK;4BK;4BK;4BK;BK;BK;BK;BK;BK;BK;;13BS;3BS;3BS;BS;BS;BS;BS;BS;BS;BS;;13BS;3BS;3BS;BS;BS;BS;BS;BS;BS;BS;;16CS;6CS;6CS;6CS;6CS;6CS;CS;CS;CS;CS;;15CS;5CS;5CS;5CS;5CS;CS;CS;CS;CS;CS;;16BK;6BK;6BK;6BK;6BK;6BK;BK;BK;BK;BK;;15CS;5CS;5CS;5CS;5CS;CS;CS;CS;CS;CS;;17CS;7CS;7CS;7CS;7CS;7CS;7CS;CS;CS;CS;;18CS;8CS;8CS;8CS;8CS;8CS;8CS;8CS;CS;CS;;13CK;3CK;3CK;CK;CK;CK;CK;CK;CK;CK;;15CS;5CS;5CS;5CS;5CS;CS;CS;CS;CS;CS;;19DS;9DS;9DS;9DS;9DS;9DS;9DS;9DS;9DS;DS;;18DS;8DS;8DS;8DS;8DS;8DS;8DS;8DS;DS;DS;;;;AS;AS;AK;AS;BK;BK;BS;BS;CS;CS;BK;CS;CS;CS;CK;CS;DS;DS;;10;11;11AS-AK;12AS-AK;13AK-AS;13AS-AK;14BK-AS;14BK-BS;13BS-BK;13BS-BK;16CS-CK;15CS-CK;16BK-BS;15CS-CK;17CS-CK;18CS-CK;13CK-CS;15CS-CK;19DS;18DS;83;68-67;5
A;108;10;10;11AK;12AK;13AS;13AK;14AS;13BS;13BK;13BK;15CK;14CK;15BS;15CK;17CK;18CK;12CS;14CK;19DS;18DS;;;1;;;;;;;;;;;1;;;;;;;;;;;11AK;AK;AK;AK;AK;AK;AK;AK;AK;AK;;12AK;2AK;AK;AK;AK;AK;AK;AK;AK;AK;;13AS;3AS;3AS;AS;AS;AS;AS;AS;AS;AS;;13AK;3AK;3AK;AK;AK;AK;AK;AK;AK;AK;;14AS;4AS;4AS;4AS;AS;AS;AS;AS;AS;AS;;13BS;3BS;3BS;BS;BS;BS;BS;BS;BS;BS;;13BK;3BK;3BK;BK;BK;BK;BK;BK;BK;BK;;13BK;3BK;3BK;BK;BK;BK;BK;BK;BK;BK;;15CK;5CK;5CK;5CK;5CK;CK;CK;CK;CK;CK;;14CK;4CK;4CK;4CK;CK;CK;CK;CK;CK;CK;;15BS;5BS;5BS;5BS;5BS;BS;BS;BS;BS;BS;;15CK;5CK;5CK;5CK;5CK;CK;CK;CK;CK;CK;;17CK;7CK;7CK;7CK;7CK;7CK;7CK;CK;CK;CK;;18CK;8CK;8CK;8CK;8CK;8CK;8CK;8CK;CK;CK;;12CS;2CS;CS;CS;CS;CS;CS;CS;CS;CS;;14CK;4CK;4CK;4CK;CK;CK;CK;CK;CK;CK;;19DS;9DS;9DS;9DS;9DS;9DS;9DS;9DS;9DS;DS;;18DS;8DS;8DS;8DS;8DS;8DS;8DS;8DS;DS;DS;;;;AK;AK;AS;AK;AS;BS;BK;BK;CK;CK;BS;CK;CK;CK;CS;CK;DS;DS;;10;10;11AK-AS;12AK-AS;13AS-AK;13AK-AS;14AS-AK;13BS-BK;13BK-BS;13BK-BS;15CK-CS;14CK-CS;15BS-BK;15CK-CS;17CK-CS;18CK-CS;12CS-BK;14CK-CS;19DS;18DS;85;66-65;5
B;107;10;10;11AS;12AS;13AK;13AS;14AK;13BK;13BS;12BS;15CS;14CS;15BK;15CS;17CS;17CS;12BK;14CS;19DS;17DS;;;1;;;;;;;;;;;1;;;;;;;;;;;11AS;AS;AS;AS;AS;AS;AS;AS;AS;AS;;12AS;2AS;AS;AS;AS;AS;AS;AS;AS;AS;;13AK;3AK;3AK;AK;AK;AK;AK;AK;AK;AK;;13AS;3AS;3AS;AS;AS;AS;AS;AS;AS;AS;;14AK;4AK;4AK;4AK;AK;AK;AK;AK;AK;AK;;13BK;3BK;3BK;BK;BK;BK;BK;BK;BK;BK;;13BS;3BS;3BS;BS;BS;BS;BS;BS;BS;BS;;12BS;2BS;BS;BS;BS;BS;BS;BS;BS;BS;;15CS;5CS;5CS;5CS;5CS;CS;CS;CS;CS;CS;;14CS;4CS;4CS;4CS;CS;CS;CS;CS;CS;CS;;15BK;5BK;5BK;5BK;5BK;BK;BK;BK;BK;BK;;15CS;5CS;5CS;5CS;5CS;CS;CS;CS;CS;CS;;17CS;7CS;7CS;7CS;7CS;7CS;7CS;CS;CS;CS;;17CS;7CS;7CS;7CS;7CS;7CS;7CS;CS;CS;CS;;12BK;2BK;BK;BK;BK;BK;BK;BK;BK;BK;;14CS;4CS;4CS;4CS;CS;CS;CS;CS;CS;CS;;19DS;9DS;9DS;9DS;9DS;9DS;9DS;9DS;9DS;DS;;17DS;7DS;7DS;7DS;7DS;7DS;7DS;DS;DS;DS;;;;AS;AS;AK;AS;AK;BK;BS;BS;CS;CS;BK;CS;CS;CS;BK;CS;DS;DS;;10;10;11AS-AK;12AS-AK;13AK-AS;13AS-AK;14AK-AS;13BK-BS;13BS-BK;12BS-BK;15CS-BK;14CS-CK;15BK-BS;15CS-CK;17CS-CK;17CS-CK;12BK-BS;14CS-CK;19DS;17DS;87;64-63;5
A;106;9;10;11AK;11AK;13AS;12AK;13AS;13BS;12BK;12BK;15BK;14CK;15BS;14CK;16CK;17CK;12BS;14CK;18DS;17DS;;;9;9;9;9;9;9;9;9;9;;;1;;;;;;;;;;;11AK;AK;AK;AK;AK;AK;AK;AK;AK;AK;;11AK;AK;AK;AK;AK;AK;AK;AK;AK;AK;;13AS;3AS;3AS;AS;AS;AS;AS;AS;AS;AS;;12AK;2AK;AK;AK;AK;AK;AK;AK;AK;AK;;13AS;3AS;3AS;AS;AS;AS;AS;AS;AS;AS;;13BS;3BS;3BS;BS;BS;BS;BS;BS;BS;BS;;12BK;2BK;BK;BK;BK;BK;BK;BK;BK;BK;;12BK;2BK;BK;BK;BK;BK;BK;BK;BK;BK;;15BK;5BK;5BK;5BK;5BK;BK;BK;BK;BK;BK;;14CK;4CK;4CK;4CK;CK;CK;CK;CK;CK;CK;;15BS;5BS;5BS;5BS;5BS;BS;BS;BS;BS;BS;;14CK;4CK;4CK;4CK;CK;CK;CK;CK;CK;CK;;16CK;6CK;6CK;6CK;6CK;6CK;CK;CK;CK;CK;;17CK;7CK;7CK;7CK;7CK;7CK;7CK;CK;CK;CK;;12BS;2BS;BS;BS;BS;BS;BS;BS;BS;BS;;14CK;4CK;4CK;4CK;CK;CK;CK;CK;CK;CK;;18DS;8DS;8DS;8DS;8DS;8DS;8DS;8DS;DS;DS;;17DS;7DS;7DS;7DS;7DS;7DS;7DS;DS;DS;DS;;;;AK;AK;AS;AK;AS;BS;BK;BK;BK;CK;BS;CK;CK;CK;BS;CK;DS;DS;;9;10;11AK-;11AK-AS;13AS-;12AK-AS;13AS-AK;13BS-BK;12BK-BS;12BK-BS;15BK-BS;14CK-CS;15BS-BK;14CK-CS;16CK-CS;17CK-CS;12BS-BK;14CK-CS;18DS;17DS;89;62-61;4
B;105;9;10;10;11AS;13;12AS;13AK;13BK;12BS;12BS;14BS;13CS;15BK;14CS;16CS;17CS;11BK;13CS;18DS;16DS;;;9;9;9;9;9;9;9;9;9;;;1;;;;;;;;;;;1;;;;;;;;;;;11AS;AS;AS;AS;AS;AS;AS;AS;AS;AS;;13;3;3;;;;;;;;;12AS;2AS;AS;AS;AS;AS;AS;AS;AS;AS;;13AK;3AK;3AK;AK;AK;AK;AK;AK;AK;AK;;13BK;3BK;3BK;BK;BK;BK;BK;BK;BK;BK;;12BS;2BS;BS;BS;BS;BS;BS;BS;BS;BS;;12BS;2BS;BS;BS;BS;BS;BS;BS;BS;BS;;14BS;4BS;4BS;4BS;BS;BS;BS;BS;BS;BS;;13CS;3CS;3CS;CS;CS;CS;CS;CS;CS;CS;;15BK;5BK;5BK;5BK;5BK;BK;BK;BK;BK;BK;;14CS;4CS;4CS;4CS;CS;CS;CS;CS;CS;CS;;16CS;6CS;6CS;6CS;6CS;6CS;CS;CS;CS;CS;;17CS;7CS;7CS;7CS;7CS;7CS;7CS;CS;CS;CS;;11BK;BK;BK;BK;BK;BK;BK;BK;BK;BK;;13CS;3CS;3CS;CS;CS;CS;CS;CS;CS;CS;;18DS;8DS;8DS;8DS;8DS;8DS;8DS;8DS;DS;DS;;16DS;6DS;6DS;6DS;6DS;6DS;DS;DS;DS;DS;;;;;AS;;AS;AK;BK;BS;BS;BS;CS;BK;CS;CS;CS;BK;CS;DS;DS;;9;10;10;11AS-AK;13;12AS-AK;13AK-AS;13BK-BS;12BS-BK;12BS-BK;14BS-BK;13CS-CK;15BK-BS;14CS-CK;16CS-CK;17CS-CK;11BK-BS;13CS-BK;18DS;16DS;91;60-59;4
A;104;9;10;10;11AK;12;12AK;13AS;12BS;12BK;11BK;14BK;13CK;15BS;14CK;16CK;16CK;11BS;13BK;18DS;16CS;;;9;9;9;9;9;9;9;9;9;;;1;;;;;;;;;;;1;;;;;;;;;;;11AK;AK;AK;AK;AK;AK;AK;AK;AK;AK;;12;2;;;;;;;;;;12AK;2AK;AK;AK;AK;AK;AK;AK;AK;AK;;13AS;3AS;3AS;AS;AS;AS;AS;AS;AS;AS;;12BS;2BS;BS;BS;BS;BS;BS;BS;BS;BS;;12BK;2BK;BK;BK;BK;BK;BK;BK;BK;BK;;11BK;BK;BK;BK;BK;BK;BK;BK;BK;BK;;14BK;4BK;4BK;4BK;BK;BK;BK;BK;BK;BK;;13CK;3CK;3CK;CK;CK;CK;CK;CK;CK;CK;;15BS;5BS;5BS;5BS;5BS;BS;BS;BS;BS;BS;;14CK;4CK;4CK;4CK;CK;CK;CK;CK;CK;CK;;16CK;6CK;6CK;6CK;6CK;6CK;CK;CK;CK;CK;;16CK;6CK;6CK;6CK;6CK;6CK;CK;CK;CK;CK;;11BS;BS;BS;BS;BS;BS;BS;BS;BS;BS;;13BK;3BK;3BK;BK;BK;BK;BK;BK;BK;BK;;18DS;8DS;8DS;8DS;8DS;8DS;8DS;8DS;DS;DS;;16CS;6CS;6CS;6CS;6CS;6CS;CS;CS;CS;CS;;;;;AK;;AK;AS;BS;BK;BK;BK;CK;BS;CK;CK;CK;BS;BK;DS;CS;;9;10;10;11AK-AS;12;12AK-AS;13AS-AK;12BS-BK;12BK;11BK-BS;14BK-BS;13CK-CS;15BS-BK;14CK-CS;16CK-CS;16CK-CS;11BS-BK;13BK-BS;18DS;16CS-CK;93;58-57;4
B;103;9;10;10;11AS;12;12AS;13AK;12BK;12AK;11BS;14BS;13CS;14BK;14CS;15CS;16CS;11BK;13BS;17DS;16CK;;;9;9;9;9;9;9;9;9;9;;;1;;;;;;;;;;;1;;;;;;;;;;;11AS;AS;AS;AS;AS;AS;AS;AS;AS;AS;;12;2;;;;;;;;;;12AS;2AS;AS;AS;AS;AS;AS;AS;AS;AS;;13AK;3AK;3AK;AK;AK;AK;AK;AK;AK;AK;;12BK;2BK;BK;BK;BK;BK;BK;BK;BK;BK;;12AK;2AK;AK;AK;AK;AK;AK;AK;AK;AK;;11BS;BS;BS;BS;BS;BS;BS;BS;BS;BS;;14BS;4BS;4BS;4BS;BS;BS;BS;BS;BS;BS;;13CS;3CS;3CS;CS;CS;CS;CS;CS;CS;CS;;14BK;4BK;4BK;4BK;BK;BK;BK;BK;BK;BK;;14CS;4CS;4CS;4CS;CS;CS;CS;CS;CS;CS;;15CS;5CS;5CS;5CS;5CS;CS;CS;CS;CS;CS;;16CS;6CS;6CS;6CS;6CS;6CS;CS;CS;CS;CS;;11BK;BK;BK;BK;BK;BK;BK;BK;BK;BK;;13BS;3BS;3BS;BS;BS;BS;BS;BS;BS;BS;;17DS;7DS;7DS;7DS;7DS;7DS;7DS;DS;DS;DS;;16CK;6CK;6CK;6CK;6CK;6CK;CK;CK;CK;CK;;;;;AS;;AS;AK;BK;AK;BS;BS;CS;BK;CS;CS;CS;BK;BS;DS;CK;;9;10;10;11AS-AK;12;12AS-AK;13AK-AS;12BK-BS;12AK;11BS-BK;14BS-BK;13CS-CK;14BK-BS;14CS-BK;15CS-BK;16CS-CK;11BK-BS;13BS-BK;17DS;16CK-CS;95;56-55;4
A;102;9;10;10;10AK;12;12AK;12AS;12BS;11AK;11BK;13BK;12CK;14BS;14BK;15BK;16CK;10BS;12BK;17CS;15CS;;;9;9;9;9;9;9;9;9;9;;;1;;;;;;;;;;;1;;;;;;;;;;;1AK;AK;AK;AK;AK;AK;AK;AK;AK;AK;;12;2;;;;;;;;;;12AK;2AK;AK;AK;AK;AK;AK;AK;AK;AK;;12AS;2AS;AS;AS;AS;AS;AS;AS;AS;AS;;12BS;2BS;BS;BS;BS;BS;BS;BS;BS;BS;;11AK;AK;AK;AK;AK;AK;AK;AK;AK;AK;;11BK;BK;BK;BK;BK;BK;BK;BK;BK;BK;;13BK;3BK;3BK;BK;BK;BK;BK;BK;BK;BK;;12CK;2CK;CK;CK;CK;CK;CK;CK;CK;CK;;14BS;4BS;4BS;4BS;BS;BS;BS;BS;BS;BS;;14BK;4BK;4BK;4BK;BK;BK;BK;BK;BK;BK;;15BK;5BK;5BK;5BK;5BK;BK;BK;BK;BK;BK;;16CK;6CK;6CK;6CK;6CK;6CK;CK;CK;CK;CK;;1BS;BS;BS;BS;BS;BS;BS;BS;BS;BS;;12BK;2BK;BK;BK;BK;BK;BK;BK;BK;BK;;17CS;7CS;7CS;7CS;7CS;7CS;7CS;CS;CS;CS;;15CS;5CS;5CS;5CS;5CS;CS;CS;CS;CS;CS;;;;;AK;;AK;AS;BS;AK;BK;BK;CK;BS;BK;BK;CK;BS;BK;CS;CS;;9;10;10;10AK-AS;12;12AK-AS;12AS-AK;12BS-BK;11AK-AS;11BK-BS;13BK-BS;12CK-CS;14BS-BK;14BK-BS;15BK-BS;16CK-CS;10BS-AK;12BK-BS;17CS;15CS-CK;97;54-53;4
B;101;9;9;10;10AS;12;11AS;12AK;12BK;11AS;11BS;13BS;12CS;14BK;13BS;15BS;15CS;10AK;12BS;17CS;15CK;;;9;9;9;9;9;9;9;9;9;;;9;9;9;9;9;9;9;9;9;;;1;;;;;;;;;;;1AS;AS;AS;AS;AS;AS;AS;AS;AS;AS;;12;2;;;;;;;;;;11AS;AS;AS;AS;AS;AS;AS;AS;AS;AS;;12AK;2AK;AK;AK;AK;AK;AK;AK;AK;AK;;12BK;2BK;BK;BK;BK;BK;BK;BK;BK;BK;;11AS;AS;AS;AS;AS;AS;AS;AS;AS;AS;;11BS;BS;BS;BS;BS;BS;BS;BS;BS;BS;;13BS;3BS;3BS;BS;BS;BS;BS;BS;BS;BS;;12CS;2CS;CS;CS;CS;CS;CS;CS;CS;CS;;14BK;4BK;4BK;4BK;BK;BK;BK;BK;BK;BK;;13BS;3BS;3BS;BS;BS;BS;BS;BS;BS;BS;;15BS;5BS;5BS;5BS;5BS;BS;BS;BS;BS;BS;;15CS;5CS;5CS;5CS;5CS;CS;CS;CS;CS;CS;;1AK;AK;AK;AK;AK;AK;AK;AK;AK;AK;;12BS;2BS;BS;BS;BS;BS;BS;BS;BS;BS;;17CS;7CS;7CS;7CS;7CS;7CS;7CS;CS;CS;CS;;15CK;5CK;5CK;5CK;5CK;CK;CK;CK;CK;CK;;;;;AS;;AS;AK;BK;AS;BS;BS;CS;BK;BS;BS;CS;AK;BS;CS;CK;;9;9;10;10AS-AK;12;11AS-;12AK-AS;12BK-BS;11AS-AK;11BS-BK;13BS-BK;12CS-CK;14BK-BS;13BS-BK;15BS-BK;15CS-CK;10AK-AS;12BS-BK;17CS;15CK-CS;99;52-51;3
A;100;9;9;10;10AK;12;11;12AS;11BS;11AK;10BK;13BK;12CK;14BS;13BK;15BK;15CK;10AS;12BK;16CS;14CS;;;9;9;9;9;9;9;9;9;9;;;9;9;9;9;9;9;9;9;9;;;1;;;;;;;;;;;1AK;AK;AK;AK;AK;AK;AK;AK;AK;AK;;12;2;;;;;;;;;;11;;;;;;;;;;;12AS;2AS;AS;AS;AS;AS;AS;AS;AS;AS;;11BS;BS;BS;BS;BS;BS;BS;BS;BS;BS;;11AK;AK;AK;AK;AK;AK;AK;AK;AK;AK;;1BK;BK;BK;BK;BK;BK;BK;BK;BK;BK;;13BK;3BK;3BK;BK;BK;BK;BK;BK;BK;BK;;12CK;2CK;CK;CK;CK;CK;CK;CK;CK;CK;;14BS;4BS;4BS;4BS;BS;BS;BS;BS;BS;BS;;13BK;3BK;3BK;BK;BK;BK;BK;BK;BK;BK;;15BK;5BK;5BK;5BK;5BK;BK;BK;BK;BK;BK;;15CK;5CK;5CK;5CK;5CK;CK;CK;CK;CK;CK;;1AS;AS;AS;AS;AS;AS;AS;AS;AS;AS;;12BK;2BK;BK;BK;BK;BK;BK;BK;BK;BK;;16CS;6CS;6CS;6CS;6CS;6CS;CS;CS;CS;CS;;14CS;4CS;4CS;4CS;CS;CS;CS;CS;CS;CS;;;;;AK;;;AS;BS;AK;BK;BK;CK;BS;BK;BK;CK;AS;BK;CS;CS;;9;9;10;10AK-AS;12;11;12AS-AK;11BS-BK;11AK-AS;10BK-BS;13BK-BS;12CK-CS;14BS-BK;13BK-BS;15BK-BS;15CK-BS;10AS-AK;12BK-BS;16CS;14CS-CK;101;50-49;3
B;99;9;9;9;10AS;11;11;12AK;11BK;11AS;10BS;12BS;11CS;13BK;13BS;14BS;14BS;9AK;11BS;16CS;14CK;;;9;9;9;9;9;9;9;9;9;;;9;9;9;9;9;9;9;9;9;;;9;9;9;9;9;9;9;9;9;;;1AS;AS;AS;AS;AS;AS;AS;AS;AS;AS;;11;;;;;;;;;;;11;;;;;;;;;;;12AK;2AK;AK;AK;AK;AK;AK;AK;AK;AK;;11BK;BK;BK;BK;BK;BK;BK;BK;BK;BK;;11AS;AS;AS;AS;AS;AS;AS;AS;AS;AS;;1BS;BS;BS;BS;BS;BS;BS;BS;BS;BS;;12BS;2BS;BS;BS;BS;BS;BS;BS;BS;BS;;11CS;CS;CS;CS;CS;CS;CS;CS;CS;CS;;13BK;3BK;3BK;BK;BK;BK;BK;BK;BK;BK;;13BS;3BS;3BS;BS;BS;BS;BS;BS;BS;BS;;14BS;4BS;4BS;4BS;BS;BS;BS;BS;BS;BS;;14BS;4BS;4BS;4BS;BS;BS;BS;BS;BS;BS;;9AK;9AK;9AK;9AK;9AK;9AK;9AK;9AK;9AK;AK;;11BS;BS;BS;BS;BS;BS;BS;BS;BS;BS;;16CS;6CS;6CS;6CS;6CS;6CS;CS;CS;CS;CS;;14CK;4CK;4CK;4CK;CK;CK;CK;CK;CK;CK;;;;;AS;;;AK;BK;AS;BS;BS;CS;BK;BS;BS;BS;AK;BS;CS;CK;;9;9;9;10AS-AK;11;11;12AK-AS;11BK-AS;11AS-AK;10BS-BK;12BS-BK;11CS-BK;13BK-BS;13BS-BK;14BS-BK;14BS-BK;9AK-AS;11BS-BK;16CS;14CK-CS;103;48-47;3
A;98;8;9;9;10AK;11;11;11AS;11AS;10AK;10BK;12BK;11BK;13BS;13BK;14BK;14BK;9AS;11BK;16CS;14CS;;;8;8;8;8;8;8;8;8;;;;9;9;9;9;9;9;9;9;9;;;9;9;9;9;9;9;9;9;9;;;1AK;AK;AK;AK;AK;AK;AK;AK;AK;AK;;11;;;;;;;;;;;11;;;;;;;;;;;11AS;AS;AS;AS;AS;AS;AS;AS;AS;AS;;11AS;AS;AS;AS;AS;AS;AS;AS;AS;AS;;1AK;AK;AK;AK;AK;AK;AK;AK;AK;AK;;1BK;BK;BK;BK;BK;BK;BK;BK;BK;BK;;12BK;2BK;BK;BK;BK;BK;BK;BK;BK;BK;;11BK;BK;BK;BK;BK;BK;BK;BK;BK;BK;;13BS;3BS;3BS;BS;BS;BS;BS;BS;BS;BS;;13BK;3BK;3BK;BK;BK;BK;BK;BK;BK;BK;;14BK;4BK;4BK;4BK;BK;BK;BK;BK;BK;BK;;14BK;4BK;4BK;4BK;BK;BK;BK;BK;BK;BK;;9AS;9AS;9AS;9AS;9AS;9AS;9AS;9AS;9AS;AS;;11BK;BK;BK;BK;BK;BK;BK;BK;BK;BK;;16CS;6CS;6CS;6CS;6CS;6CS;CS;CS;CS;CS;;14CS;4CS;4CS;4CS;CS;CS;CS;CS;CS;CS;;;;;AK;;;AS;AS;AK;BK;BK;BK;BS;BK;BK;BK;AS;BK;CS;CS;;8;9;9;10AK-AS;11;11;11AS-AK;11AS-AK;10AK-AS;10BK-AS;12BK-BS;11BK-BS;13BS-AK;13BK-BS;14BK-BS;14BK-BS;9AS-AK;11BK-BS;16CS-CK;14CS-CK;105;46-45;3
B;97;8;9;9;9AS;11;10;11AK;11AK;10AS;9AS;12BS;11BS;13AK;12BS;14BS;14BS;9AK;11BS;15CK;13CK;;;8;8;8;8;8;8;8;8;;;;9;9;9;9;9;9;9;9;9;;;9;9;9;9;9;9;9;9;9;;;9AS;9AS;9AS;9AS;9AS;9AS;9AS;9AS;9AS;AS;;11;;;;;;;;;;;1;;;;;;;;;;;11AK;AK;AK;AK;AK;AK;AK;AK;AK;AK;;11AK;AK;AK;AK;AK;AK;AK;AK;AK;AK;;1AS;AS;AS;AS;AS;AS;AS;AS;AS;AS;;9AS;9AS;9AS;9AS;9AS;9AS;9AS;9AS;9AS;AS;;12BS;2BS;BS;BS;BS;BS;BS;BS;BS;BS;;11BS;BS;BS;BS;BS;BS;BS;BS;BS;BS;;13AK;3AK;3AK;AK;AK;AK;AK;AK;AK;AK;;12BS;2BS;BS;BS;BS;BS;BS;BS;BS;BS;;14BS;4BS;4BS;4BS;BS;BS;BS;BS;BS;BS;;14BS;4BS;4BS;4BS;BS;BS;BS;BS;BS;BS;;9AK;9AK;9AK;9AK;9AK;9AK;9AK;9AK;9AK;AK;;11BS;BS;BS;BS;BS;BS;BS;BS;BS;BS;;15CK;5CK;5CK;5CK;5CK;CK;CK;CK;CK;CK;;13CK;3CK;3CK;CK;CK;CK;CK;CK;CK;CK;;;;;AS;;;AK;AK;AS;AS;BS;BS;AK;BS;BS;BS;AK;BS;CK;CK;;8;9;9;9AS-AK;11;10;11AK-AS;11AK-A;10AS-AK;9AS-AK;12BS-BK;11BS-BK;13AK-AS;12BS-BK;14BS-BK;14BS-BK;9AK-AS;11BS-AK;15CK-CS;13CK-BS;107;44-43;2
A;96;8;9;9;9AK;11;10;11AS;10A;10AK;9AK;12BK;10BK;13AS;12BK;13BK;13BK;8AS;10AK;15CS;13BS;;;8;8;8;8;8;8;8;8;;;;9;9;9;9;9;9;9;9;9;;;9;9;9;9;9;9;9;9;9;;;9AK;9AK;9AK;9AK;9AK;9AK;9AK;9AK;9AK;AK;;11;;;;;;;;;;;1;;;;;;;;;;;11AS;AS;AS;AS;AS;AS;AS;AS;AS;AS;;1A;A;A;A;A;A;A;A;A;A;;1AK;AK;AK;AK;AK;AK;AK;AK;AK;AK;;9AK;9AK;9AK;9AK;9AK;9AK;9AK;9AK;9AK;AK;;12BK;2BK;BK;BK;BK;BK;BK;BK;BK;BK;;1BK;BK;BK;BK;BK;BK;BK;BK;BK;BK;;13AS;3AS;3AS;AS;AS;AS;AS;AS;AS;AS;;12BK;2BK;BK;BK;BK;BK;BK;BK;BK;BK;;13BK;3BK;3BK;BK;BK;BK;BK;BK;BK;BK;;13BK;3BK;3BK;BK;BK;BK;BK;BK;BK;BK;;8AS;8AS;8AS;8AS;8AS;8AS;8AS;8AS;AS;AS;;1AK;AK;AK;AK;AK;AK;AK;AK;AK;AK;;15CS;5CS;5CS;5CS;5CS;CS;CS;CS;CS;CS;;13BS;3BS;3BS;BS;BS;BS;BS;BS;BS;BS;;;;;AK;;;AS;A;AK;AK;BK;BK;AS;BK;BK;BK;AS;AK;CS;BS;;8;9;9;9AK-;11;10;11AS-;10A-AK;10AK-AS;9AK-AS;12BK-BS;10BK-BS;13AS-AK;12BK-BS;13BK-BS;13BK-BS;8AS-AK;10AK-AS;15CS-CK;13BS-BK;109;42-41;2
B;95;8;9;9;9;11;10;11;10AK;10AS;9AS;11BS;10BS;13AK;12BS;13BS;13BS;8AK;10AS;15CK;12BK;;;8;8;8;8;8;8;8;8;;;;9;9;9;9;9;9;9;9;9;;;9;9;9;9;9;9;9;9;9;;;9;9;9;9;9;9;9;9;9;;;11;;;;;;;;;;;1;;;;;;;;;;;11;;;;;;;;;;;1AK;AK;AK;AK;AK;AK;AK;AK;AK;AK;;1AS;AS;AS;AS;AS;AS;AS;AS;AS;AS;;9AS;9AS;9AS;9AS;9AS;9AS;9AS;9AS;9AS;AS;;11BS;BS;BS;BS;BS;BS;BS;BS;BS;BS;;1BS;BS;BS;BS;BS;BS;BS;BS;BS;BS;;13AK;3AK;3AK;AK;AK;AK;AK;AK;AK;AK;;12BS;2BS;BS;BS;BS;BS;BS;BS;BS;BS;;13BS;3BS;3BS;BS;BS;BS;BS;BS;BS;BS;;13BS;3BS;3BS;BS;BS;BS;BS;BS;BS;BS;;8AK;8AK;8AK;8AK;8AK;8AK;8AK;8AK;AK;AK;;1AS;AS;AS;AS;AS;AS;AS;AS;AS;AS;;15CK;5CK;5CK;5CK;5CK;CK;CK;CK;CK;CK;;12BK;2BK;BK;BK;BK;BK;BK;BK;BK;BK;;;;;;;;;AK;AS;AS;BS;BS;AK;BS;BS;BS;AK;AS;CK;BK;;8;9;9;9;11;10;11;10AK-AS;10AS-AK;9AS-AK;11BS-BK;10BS-BK;13AK-AS;12BS-BK;13BS-BK;13BS-BK;8AK-;10AS-AK;15CK-CS;12BK-BS;111;40-39;2
A;94;8;8;9;9;10;10;10;10AS;10AK;9AK;11BK;10BK;12AS;12BK;13BK;13BK;8;9AK;14CS;12BS;;;8;8;8;8;8;8;8;8;;;;8;8;8;8;8;8;8;8;;;;9;9;9;9;9;9;9;9;9;;;9;9;9;9;9;9;9;9;9;;;1;;;;;;;;;;;1;;;;;;;;;;;1;;;;;;;;;;;1AS;AS;AS;AS;AS;AS;AS;AS;AS;AS;;1AK;AK;AK;AK;AK;AK;AK;AK;AK;AK;;9AK;9AK;9AK;9AK;9AK;9AK;9AK;9AK;9AK;AK;;11BK;BK;BK;BK;BK;BK;BK;BK;BK;BK;;1BK;BK;BK;BK;BK;BK;BK;BK;BK;BK;;12AS;2AS;AS;AS;AS;AS;AS;AS;AS;AS;;12BK;2BK;BK;BK;BK;BK;BK;BK;BK;BK;;13BK;3BK;3BK;BK;BK;BK;BK;BK;BK;BK;;13BK;3BK;3BK;BK;BK;BK;BK;BK;BK;BK;;8;8;8;8;8;8;8;8;;;;9AK;9AK;9AK;9AK;9AK;9AK;9AK;9AK;9AK;AK;;14CS;4CS;4CS;4CS;CS;CS;CS;CS;CS;CS;;12BS;2BS;BS;BS;BS;BS;BS;BS;BS;BS;;;;;;;;;AS;AK;AK;BK;BK;AS;BK;BK;BK;;AK;CS;BS;;8;8;9;9;10;10;10;10AS-AK;10AK-AS;9AK-AS;11BK-BS;10BK-BS;12AS-AK;12BK-BS;13BK-BS;13BK-BS;8;9AK-AS;14CS-CK;12BS-BK;113;38-37;2
B;93;8;8;8;9;10;10;10;9AK;9AS;8AS;11BS;9BS;12AK;11BS;12BS;12BS;7;9AS;14CK;12BK;;;8;8;8;8;8;8;8;8;;;;8;8;8;8;8;8;8;8;;;;8;8;8;8;8;8;8;8;;;;9;9;9;9;9;9;9;9;9;;;1;;;;;;;;;;;1;;;;;;;;;;;1;;;;;;;;;;;9AK;9AK;9AK;9AK;9AK;9AK;9AK;9AK;9AK;AK;;9AS;9AS;9AS;9AS;9AS;9AS;9AS;9AS;9AS;AS;;8AS;8AS;8AS;8AS;8AS;8AS;8AS;8AS;AS;AS;;11BS;BS;BS;BS;BS;BS;BS;BS;BS;BS;;9BS;9BS;9BS;9BS;9BS;9BS;9BS;9BS;9BS;BS;;12AK;2AK;AK;AK;AK;AK;AK;AK;AK;AK;;11BS;BS;BS;BS;BS;BS;BS;BS;BS;BS;;12BS;2BS;BS;BS;BS;BS;BS;BS;BS;BS;;12BS;2BS;BS;BS;BS;BS;BS;BS;BS;BS;;7;7;7;7;7;7;7;;;;;9AS;9AS;9AS;9AS;9AS;9AS;9AS;9AS;9AS;AS;;14CK;4CK;4CK;4CK;CK;CK;CK;CK;CK;CK;;12BK;2BK;BK;BK;BK;BK;BK;BK;BK;BK;;;;;;;;;AK;AS;AS;BS;BS;AK;BS;BS;BS;;AS;CK;BK;;8;8;8;9;10;10;10;9AK-AS;9AS-AK;8AS-AK;11BS-BK;9BS-BK;12AK-AS;11BS-BK;12BS-BK;12BS-BK;7;9AS-AK;14CK-CS;12BK-BS;115;36-35;1
A;92;8;8;8;8;10;9;10;9AS;9AK;8AK;10BK;9BK;12AS;11BK;12BK;12BK;7;9AK;14CS;11BS;;;8;8;8;8;8;8;8;8;;;;8;8;8;8;8;8;8;8;;;;8;8;8;8;8;8;8;8;;;;8;8;8;8;8;8;8;8;;;;1;;;;;;;;;;;9;9;9;9;9;9;9;9;9;;;1;;;;;;;;;;;9AS;9AS;9AS;9AS;9AS;9AS;9AS;9AS;9AS;AS;;9AK;9AK;9AK;9AK;9AK;9AK;9AK;9AK;9AK;AK;;8AK;8AK;8AK;8AK;8AK;8AK;8AK;8AK;AK;AK;;1BK;BK;BK;BK;BK;BK;BK;BK;BK;BK;;9BK;9BK;9BK;9BK;9BK;9BK;9BK;9BK;9BK;BK;;12AS;2AS;AS;AS;AS;AS;AS;AS;AS;AS;;11BK;BK;BK;BK;BK;BK;BK;BK;BK;BK;;12BK;2BK;BK;BK;BK;BK;BK;BK;BK;BK;;12BK;2BK;BK;BK;BK;BK;BK;BK;BK;BK;;7;7;7;7;7;7;7;;;;;9AK;9AK;9AK;9AK;9AK;9AK;9AK;9AK;9AK;AK;;14CS;4CS;4CS;4CS;CS;CS;CS;CS;CS;CS;;11BS;BS;BS;BS;BS;BS;BS;BS;BS;BS;;;;;;;;;AS;AK;AK;BK;BK;AS;BK;BK;BK;;AK;CS;BS;;8;8;8;8;10;9;10;9AS-AK;9AK-AS;8AK-AS;10BK-AS;9BK-BS;12AS-AK;11BK-BS;12BK-BS;12BK-BS;7;9AK-AS;14CS-CK;11BS-BK;117;34-33;1
B;91;8;8;8;8;10;9;10;9AK;9AS;8AS;10AS;8BS;12AK;11BS;12BS;12BS;7;8AS;13CK;11BK;;;8;8;8;8;8;8;8;8;;;;8;8;8;8;8;8;8;8;;;;8;8;8;8;8;8;8;8;;;;8;8;8;8;8;8;8;8;;;;1;;;;;;;;;;;9;9;9;9;9;9;9;9;9;;;1;;;;;;;;;;;9AK;9AK;9AK;9AK;9AK;9AK;9AK;9AK;9AK;AK;;9AS;9AS;9AS;9AS;9AS;9AS;9AS;9AS;9AS;AS;;8AS;8AS;8AS;8AS;8AS;8AS;8AS;8AS;AS;AS;;1AS;AS;AS;AS;AS;AS;AS;AS;AS;AS;;8BS;8BS;8BS;8BS;8BS;8BS;8BS;8BS;BS;BS;;12AK;2AK;AK;AK;AK;AK;AK;AK;AK;AK;;11BS;BS;BS;BS;BS;BS;BS;BS;BS;BS;;12BS;2BS;BS;BS;BS;BS;BS;BS;BS;BS;;12BS;2BS;BS;BS;BS;BS;BS;BS;BS;BS;;7;7;7;7;7;7;7;;;;;8AS;8AS;8AS;8AS;8AS;8AS;8AS;8AS;AS;AS;;13CK;3CK;3CK;CK;CK;CK;CK;CK;CK;CK;;11BK;BK;BK;BK;BK;BK;BK;BK;BK;BK;;;;;;;;;AK;AS;AS;AS;BS;AK;BS;BS;BS;;AS;CK;BK;;8;8;8;8;10;9;10;9AK-AS;9AS-;8AS-AK;10AS-AK;8BS-BK;12AK-AS;11BS-BK;12BS-BK;12BS-BK;7;8AS-AK;13CK-BS;11BK-AS;119;32-31;1
A;90;8;8;8;8;10;9;9;9AS;9;7AK;10AK;8BK;12AS;11BK;12BK;11BK;6;8AK;13BS;12AS;;;8;8;8;8;8;8;8;8;;;;8;8;8;8;8;8;8;8;;;;8;8;8;8;8;8;8;8;;;;8;8;8;8;8;8;8;8;;;;1;;;;;;;;;;;9;9;9;9;9;9;9;9;9;;;9;9;9;9;9;9;9;9;9;;;9AS;9AS;9AS;9AS;9AS;9AS;9AS;9AS;9AS;AS;;9;9;9;9;9;9;9;9;9;;;7AK;7AK;7AK;7AK;7AK;7AK;7AK;AK;AK;AK;;1AK;AK;AK;AK;AK;AK;AK;AK;AK;AK;;8BK;8BK;8BK;8BK;8BK;8BK;8BK;8BK;BK;BK;;12AS;2AS;AS;AS;AS;AS;AS;AS;AS;AS;;11BK;BK;BK;BK;BK;BK;BK;BK;BK;BK;;12BK;2BK;BK;BK;BK;BK;BK;BK;BK;BK;;11BK;BK;BK;BK;BK;BK;BK;BK;BK;BK;;6;6;6;6;6;6;;;;;;8AK;8AK;8AK;8AK;8AK;8AK;8AK;8AK;AK;AK;;13BS;3BS;3BS;BS;BS;BS;BS;BS;BS;BS;;12AS;2AS;AS;AS;AS;AS;AS;AS;AS;AS;;;;;;;;;AS;;AK;AK;BK;AS;BK;BK;BK;;AK;BS;AS;;8;8;8;8;10;9;9;9AS-AK;9;7AK-AS;10AK-AS;8BK-BS;12AS-AK;11BK-BS;12BK-BS;11BK-BS;6;8AK-;13BS-BK;12AS-AK;121;30-29;1
B;89;7;8;8;8;9;9;9;8AK;8;7AS;9AS;8BS;11AK;11BS;11BS;11BS;6;8;13BK;10AK;;;7;7;7;7;7;7;7;;;;;8;8;8;8;8;8;8;8;;;;8;8;8;8;8;8;8;8;;;;8;8;8;8;8;8;8;8;;;;9;9;9;9;9;9;9;9;9;;;9;9;9;9;9;9;9;9;9;;;9;9;9;9;9;9;9;9;9;;;8AK;8AK;8AK;8AK;8AK;8AK;8AK;8AK;AK;AK;;8;8;8;8;8;8;8;8;;;;7AS;7AS;7AS;7AS;7AS;7AS;7AS;AS;AS;AS;;9AS;9AS;9AS;9AS;9AS;9AS;9AS;9AS;9AS;AS;;8BS;8BS;8BS;8BS;8BS;8BS;8BS;8BS;BS;BS;;11AK;AK;AK;AK;AK;AK;AK;AK;AK;AK;;11BS;BS;BS;BS;BS;BS;BS;BS;BS;BS;;11BS;BS;BS;BS;BS;BS;BS;BS;BS;BS;;11BS;BS;BS;BS;BS;BS;BS;BS;BS;BS;;6;6;6;6;6;6;;;;;;8;8;8;8;8;8;8;8;;;;13BK;3BK;3BK;BK;BK;BK;BK;BK;BK;BK;;1AK;AK;AK;AK;AK;AK;AK;AK;AK;AK;;;;;;;;;AK;;AS;AS;BS;AK;BS;BS;BS;;;BK;AK;;7;8;8;8;9;9;9;8AK-AS;8;7AS-AK;9AS-AK;8BS-BK;11AK-AS;11BS-AK;11BS-BK;11BS-BK;6;8;13BK-BS;10AK-AS;123;#REF!;0
A;88;7;8;7;8;9;9;9;8AS;8;7AK;9AK;8BK;11AS;10AK;11BK;11BK;6;7;12BS;10AS;;;7;7;7;7;7;7;7;;;;;8;8;8;8;8;8;8;8;;;;7;7;7;7;7;7;7;;;;;8;8;8;8;8;8;8;8;;;;9;9;9;9;9;9;9;9;9;;;9;9;9;9;9;9;9;9;9;;;9;9;9;9;9;9;9;9;9;;;8AS;8AS;8AS;8AS;8AS;8AS;8AS;8AS;AS;AS;;8;8;8;8;8;8;8;8;;;;7AK;7AK;7AK;7AK;7AK;7AK;7AK;AK;AK;AK;;9AK;9AK;9AK;9AK;9AK;9AK;9AK;9AK;9AK;AK;;8BK;8BK;8BK;8BK;8BK;8BK;8BK;8BK;BK;BK;;11AS;AS;AS;AS;AS;AS;AS;AS;AS;AS;;1AK;AK;AK;AK;AK;AK;AK;AK;AK;AK;;11BK;BK;BK;BK;BK;BK;BK;BK;BK;BK;;11BK;BK;BK;BK;BK;BK;BK;BK;BK;BK;;6;6;6;6;6;6;;;;;;7;7;7;7;7;7;7;;;;;12BS;2BS;BS;BS;BS;BS;BS;BS;BS;BS;;1AS;AS;AS;AS;AS;AS;AS;AS;AS;AS;;;;;;;;;AS;;AK;AK;BK;AS;AK;BK;BK;;;BS;AS;;7;8;7;8;9;9;9;8AS-AK;8;7AK-AS;9AK-AS;8BK-BS;11AS-AK;10AK-AS;11BK-BS;11BK-BS;6;7;12BS-BK;10AS-AK;125;#REF!;
B;87;7;7;7;7;9;8;9;8AK;8;7AS;9AS;7BS;11AK;10AS;11BS;10BS;5;7;12BK;9AK;;;7;7;7;7;7;7;7;;;;;7;7;7;7;7;7;7;;;;;7;7;7;7;7;7;7;;;;;7;7;7;7;7;7;7;;;;;9;9;9;9;9;9;9;9;9;;;8;8;8;8;8;8;8;8;;;;9;9;9;9;9;9;9;9;9;;;8AK;8AK;8AK;8AK;8AK;8AK;8AK;8AK;AK;AK;;8;8;8;8;8;8;8;8;;;;7AS;7AS;7AS;7AS;7AS;7AS;7AS;AS;AS;AS;;9AS;9AS;9AS;9AS;9AS;9AS;9AS;9AS;9AS;AS;;7BS;7BS;7BS;7BS;7BS;7BS;7BS;BS;BS;BS;;11AK;AK;AK;AK;AK;AK;AK;AK;AK;AK;;1AS;AS;AS;AS;AS;AS;AS;AS;AS;AS;;11BS;BS;BS;BS;BS;BS;BS;BS;BS;BS;;1BS;BS;BS;BS;BS;BS;BS;BS;BS;BS;;5;5;5;5;5;;;;;;;7;7;7;7;7;7;7;;;;;12BK;2BK;BK;BK;BK;BK;BK;BK;BK;BK;;9AK;9AK;9AK;9AK;9AK;9AK;9AK;9AK;9AK;AK;;;;;;;;;AK;;AS;AS;BS;AK;AS;BS;BS;;;BK;AK;;7;7;7;7;9;8;9;8AK-AS;8;7AS-AK;9AS-AK;7BS-BK;11AK-AS;10AS-AK;11BS-AK;10BS-BK;5;7;12BK-BS;9AK-AS;127;#REF!;
A;86;7;7;7;7;9;8;8;8AS;8;6AK;8AK;7BK;11AS;10AK;10AK;10BK;5;7;12BS;9AS;;;7;7;7;7;7;7;7;;;;;7;7;7;7;7;7;7;;;;;7;7;7;7;7;7;7;;;;;7;7;7;7;7;7;7;;;;;9;9;9;9;9;9;9;9;9;;;8;8;8;8;8;8;8;8;;;;8;8;8;8;8;8;8;8;;;;8AS;8AS;8AS;8AS;8AS;8AS;8AS;8AS;AS;AS;;8;8;8;8;8;8;8;8;;;;6AK;6AK;6AK;6AK;6AK;6AK;AK;AK;AK;AK;;8AK;8AK;8AK;8AK;8AK;8AK;8AK;8AK;AK;AK;;7BK;7BK;7BK;7BK;7BK;7BK;7BK;BK;BK;BK;;11AS;AS;AS;AS;AS;AS;AS;AS;AS;AS;;1AK;AK;AK;AK;AK;AK;AK;AK;AK;AK;;1AK;AK;AK;AK;AK;AK;AK;AK;AK;AK;;1BK;BK;BK;BK;BK;BK;BK;BK;BK;BK;;5;5;5;5;5;;;;;;;7;7;7;7;7;7;7;;;;;12BS;2BS;BS;BS;BS;BS;BS;BS;BS;BS;;9AS;9AS;9AS;9AS;9AS;9AS;9AS;9AS;9AS;AS;;;;;;;;;AS;;AK;AK;BK;AS;AK;AK;BK;;;BS;AS;;7;7;7;7;9;8;8;8AS-;8;6AK-;8AK-AS;7BK-BS;11AS-AK;10AK-AS;10AK-AS;10BK-BS;5;7;12BS-BK;9AS-AK;129;#REF!;
B;85;7;7;7;7;9;8;8;7;7;6;8AS;7BS;10AK;10AS;10AS;10BS;5;6;11BK;8AK;;;7;7;7;7;7;7;7;;;;;7;7;7;7;7;7;7;;;;;7;7;7;7;7;7;7;;;;;7;7;7;7;7;7;7;;;;;9;9;9;9;9;9;9;9;9;;;8;8;8;8;8;8;8;8;;;;8;8;8;8;8;8;8;8;;;;7;7;7;7;7;7;7;;;;;7;7;7;7;7;7;7;;;;;6;6;6;6;6;6;;;;;;8AS;8AS;8AS;8AS;8AS;8AS;8AS;8AS;AS;AS;;7BS;7BS;7BS;7BS;7BS;7BS;7BS;BS;BS;BS;;1AK;AK;AK;AK;AK;AK;AK;AK;AK;AK;;1AS;AS;AS;AS;AS;AS;AS;AS;AS;AS;;1AS;AS;AS;AS;AS;AS;AS;AS;AS;AS;;1BS;BS;BS;BS;BS;BS;BS;BS;BS;BS;;5;5;5;5;5;;;;;;;6;6;6;6;6;6;;;;;;11BK;BK;BK;BK;BK;BK;BK;BK;BK;BK;;8AK;8AK;8AK;8AK;8AK;8AK;8AK;8AK;AK;AK;;;;;;;;;;;;AS;BS;AK;AS;AS;BS;;;BK;AK;;7;7;7;7;9;8;8;7;7;6;8AS-AK;7BS-BK;10AK-;10AS-AK;10AS-AK;10BS-BK;5;6;11BK-BS;8AK-;131;#REF!;
A;84;7;7;7;7;8;8;8;7;7;6;8AK;6BK;10;9AK;10AK;9BK;4;6;11BS;8;;;7;7;7;7;7;7;7;;;;;7;7;7;7;7;7;7;;;;;7;7;7;7;7;7;7;;;;;7;7;7;7;7;7;7;;;;;8;8;8;8;8;8;8;8;;;;8;8;8;8;8;8;8;8;;;;8;8;8;8;8;8;8;8;;;;7;7;7;7;7;7;7;;;;;7;7;7;7;7;7;7;;;;;6;6;6;6;6;6;;;;;;8AK;8AK;8AK;8AK;8AK;8AK;8AK;8AK;AK;AK;;6BK;6BK;6BK;6BK;6BK;6BK;BK;BK;BK;BK;;1;;;;;;;;;;;9AK;9AK;9AK;9AK;9AK;9AK;9AK;9AK;9AK;AK;;1AK;AK;AK;AK;AK;AK;AK;AK;AK;AK;;9BK;9BK;9BK;9BK;9BK;9BK;9BK;9BK;9BK;BK;;4;4;4;4;;;;;;;;6;6;6;6;6;6;;;;;;11BS;BS;BS;BS;BS;BS;BS;BS;BS;BS;;8;8;8;8;8;8;8;8;;;;;;;;;;;;;;AK;BK;;AK;AK;BK;;;BS;;;7;7;7;7;8;8;8;7;7;6;8AK-AS;6BK-BS;10;9AK-AS;10AK-AS;9BK-AS;4;6;11BS-BK;8;133;#REF!;
B;83;7;7;7;7;8;8;8;7;7;5;7AS;6BS;10;9AS;9AS;9AS;4;0;11BK;0;;;7;7;7;7;7;7;7;;;;;7;7;7;7;7;7;7;;;;;7;7;7;7;7;7;7;;;;;7;7;7;7;7;7;7;;;;;8;8;8;8;8;8;8;8;;;;8;8;8;8;8;8;8;8;;;;8;8;8;8;8;8;8;8;;;;7;7;7;7;7;7;7;;;;;7;7;7;7;7;7;7;;;;;5;5;5;5;5;;;;;;;7AS;7AS;7AS;7AS;7AS;7AS;7AS;AS;AS;AS;;6BS;6BS;6BS;6BS;6BS;6BS;BS;BS;BS;BS;;1;;;;;;;;;;;9AS;9AS;9AS;9AS;9AS;9AS;9AS;9AS;9AS;AS;;9AS;9AS;9AS;9AS;9AS;9AS;9AS;9AS;9AS;AS;;9AS;9AS;9AS;9AS;9AS;9AS;9AS;9AS;9AS;AS;;4;4;4;4;;;;;;;;;;;;;;;;;;;11BK;BK;BK;BK;BK;BK;BK;BK;BK;BK;;;;;;;;;;;;;;;;;;;;;;;AS;BS;;AS;AS;AS;;;BK;;;7;7;7;7;8;8;8;7;7;5;7AS-AK;6BS-AK;10;9AS-AK;9AS-AK;9AS-AK;4;0;11BK-BS;0;135;#REF!;
A;82;7;7;6;6;8;7;7;7;7;5;7AK;6AK;10;9AK;9AK;8AK;4;0;10BS;0;;;7;7;7;7;7;7;7;;;;;7;7;7;7;7;7;7;;;;;6;6;6;6;6;6;;;;;;6;6;6;6;6;6;;;;;;8;8;8;8;8;8;8;8;;;;7;7;7;7;7;7;7;;;;;7;7;7;7;7;7;7;;;;;7;7;7;7;7;7;7;;;;;7;7;7;7;7;7;7;;;;;5;5;5;5;5;;;;;;;7AK;7AK;7AK;7AK;7AK;7AK;7AK;AK;AK;AK;;6AK;6AK;6AK;6AK;6AK;6AK;AK;AK;AK;AK;;1;;;;;;;;;;;9AK;9AK;9AK;9AK;9AK;9AK;9AK;9AK;9AK;AK;;9AK;9AK;9AK;9AK;9AK;9AK;9AK;9AK;9AK;AK;;8AK;8AK;8AK;8AK;8AK;8AK;8AK;8AK;AK;AK;;4;4;4;4;;;;;;;;;;;;;;;;;;;1BS;BS;BS;BS;BS;BS;BS;BS;BS;BS;;;;;;;;;;;;;;;;;;;;;;;AK;AK;;AK;AK;AK;;;BS;;;7;7;6;6;8;7;7;7;7;5;7AK-AS;6AK-AS;10;9AK-AS;9AK-AS;8AK-AS;4;0;10BS-AK;0;137;#REF!;
B;81;7;7;6;6;8;7;7;6;7;5;7AS;5AS;10;9AS;9AS;8AS;3;0;10AK;0;;;7;7;7;7;7;7;7;;;;;7;7;7;7;7;7;7;;;;;6;6;6;6;6;6;;;;;;6;6;6;6;6;6;;;;;;8;8;8;8;8;8;8;8;;;;7;7;7;7;7;7;7;;;;;7;7;7;7;7;7;7;;;;;6;6;6;6;6;6;;;;;;7;7;7;7;7;7;7;;;;;5;5;5;5;5;;;;;;;7AS;7AS;7AS;7AS;7AS;7AS;7AS;AS;AS;AS;;5AS;5AS;5AS;5AS;5AS;AS;AS;AS;AS;AS;;1;;;;;;;;;;;9AS;9AS;9AS;9AS;9AS;9AS;9AS;9AS;9AS;AS;;9AS;9AS;9AS;9AS;9AS;9AS;9AS;9AS;9AS;AS;;8AS;8AS;8AS;8AS;8AS;8AS;8AS;8AS;AS;AS;;3;3;3;;;;;;;;;;;;;;;;;;;;1AK;AK;AK;AK;AK;AK;AK;AK;AK;AK;;;;;;;;;;;;;;;;;;;;;;;AS;AS;;AS;AS;AS;;;AK;;;7;7;6;6;8;7;7;6;7;5;7AS-;5AS-AK;10;9AS-AK;9AS-AK;8AS-AK;3;0;10AK-AS;0;139;#REF!;
A;80;6;6;6;6;8;7;7;6;6;5;7;5AK;9;9AK;9AK;8AK;3;0;10AS;0;;;6;6;6;6;6;6;;;;;;6;6;6;6;6;6;;;;;;6;6;6;6;6;6;;;;;;6;6;6;6;6;6;;;;;;8;8;8;8;8;8;8;8;;;;7;7;7;7;7;7;7;;;;;7;7;7;7;7;7;7;;;;;6;6;6;6;6;6;;;;;;6;6;6;6;6;6;;;;;;5;5;5;5;5;;;;;;;7;7;7;7;7;7;7;;;;;5AK;5AK;5AK;5AK;5AK;AK;AK;AK;AK;AK;;9;9;9;9;9;9;9;9;9;;;9AK;9AK;9AK;9AK;9AK;9AK;9AK;9AK;9AK;AK;;9AK;9AK;9AK;9AK;9AK;9AK;9AK;9AK;9AK;AK;;8AK;8AK;8AK;8AK;8AK;8AK;8AK;8AK;AK;AK;;3;3;3;;;;;;;;;;;;;;;;;;;;1AS;AS;AS;AS;AS;AS;AS;AS;AS;AS;;;;;;;;;;;;;;;;;;;;;;;;AK;;AK;AK;AK;;;AS;;;6;6;6;6;8;7;7;6;6;5;7;5AK-AS;9;9AK-;9AK-AS;8AK-AS;3;0;10AS-AK;0;141;#REF!;
B;79;6;6;6;6;7;7;7;6;6;4;6;5AS;9;8;8AS;7AS;3;0;9AK;0;;;6;6;6;6;6;6;;;;;;6;6;6;6;6;6;;;;;;6;6;6;6;6;6;;;;;;6;6;6;6;6;6;;;;;;7;7;7;7;7;7;7;;;;;7;7;7;7;7;7;7;;;;;7;7;7;7;7;7;7;;;;;6;6;6;6;6;6;;;;;;6;6;6;6;6;6;;;;;;4;4;4;4;;;;;;;;6;6;6;6;6;6;;;;;;5AS;5AS;5AS;5AS;5AS;AS;AS;AS;AS;AS;;9;9;9;9;9;9;9;9;9;;;8;8;8;8;8;8;8;8;;;;8AS;8AS;8AS;8AS;8AS;8AS;8AS;8AS;AS;AS;;7AS;7AS;7AS;7AS;7AS;7AS;7AS;AS;AS;AS;;3;3;3;;;;;;;;;;;;;;;;;;;;9AK;9AK;9AK;9AK;9AK;9AK;9AK;9AK;9AK;AK;;;;;;;;;;;;;;;;;;;;;;;;AS;;;AS;AS;;;AK;;;6;6;6;6;7;7;7;6;6;4;6;5AS-AK;9;8;8AS-AK;7AS-AK;3;0;9AK-AS;0;143;#REF!;
A;78;6;6;6;5;7;7;6;6;6;4;6;4AK;9;8;8AK;7AK;0;0;9AS;0;;;6;6;6;6;6;6;;;;;;6;6;6;6;6;6;;;;;;6;6;6;6;6;6;;;;;;5;5;5;5;5;;;;;;;7;7;7;7;7;7;7;;;;;7;7;7;7;7;7;7;;;;;6;6;6;6;6;6;;;;;;6;6;6;6;6;6;;;;;;6;6;6;6;6;6;;;;;;4;4;4;4;;;;;;;;6;6;6;6;6;6;;;;;;4AK;4AK;4AK;4AK;AK;AK;AK;AK;AK;AK;;9;9;9;9;9;9;9;9;9;;;8;8;8;8;8;8;8;8;;;;8AK;8AK;8AK;8AK;8AK;8AK;8AK;8AK;AK;AK;;7AK;7AK;7AK;7AK;7AK;7AK;7AK;AK;AK;AK;;;;;;;;;;;;;;;;;;;;;;;;9AS;9AS;9AS;9AS;9AS;9AS;9AS;9AS;9AS;AS;;;;;;;;;;;;;;;;;;;;;;;;AK;;;AK;AK;;;AS;;;6;6;6;5;7;7;6;6;6;4;6;4AK-AS;9;8;8AK-AS;7AK-AS;0;0;9AS-AK;0;145;#REF!;
B;77;6;6;5;5;7;6;6;5;6;4;6;4AS;9;8;8AS;7AS;0;0;9AK;0;;;6;6;6;6;6;6;;;;;;6;6;6;6;6;6;;;;;;5;5;5;5;5;;;;;;;5;5;5;5;5;;;;;;;7;7;7;7;7;7;7;;;;;6;6;6;6;6;6;;;;;;6;6;6;6;6;6;;;;;;5;5;5;5;5;;;;;;;6;6;6;6;6;6;;;;;;4;4;4;4;;;;;;;;6;6;6;6;6;6;;;;;;4AS;4AS;4AS;4AS;AS;AS;AS;AS;AS;AS;;9;9;9;9;9;9;9;9;9;;;8;8;8;8;8;8;8;8;;;;8AS;8AS;8AS;8AS;8AS;8AS;8AS;8AS;AS;AS;;7AS;7AS;7AS;7AS;7AS;7AS;7AS;AS;AS;AS;;;;;;;;;;;;;;;;;;;;;;;;9AK;9AK;9AK;9AK;9AK;9AK;9AK;9AK;9AK;AK;;;;;;;;;;;;;;;;;;;;;;;;AS;;;AS;AS;;;AK;;;6;6;5;5;7;6;6;5;6;4;6;4AS-AK;9;8;8AS-AK;7AS-AK;0;0;9AK-AS;0;147;#REF!;
A;76;6;6;5;5;7;6;6;5;5;3;5;4AK;8;8;7AK;6AK;0;0;8AS;0;;;6;6;6;6;6;6;;;;;;6;6;6;6;6;6;;;;;;5;5;5;5;5;;;;;;;5;5;5;5;5;;;;;;;7;7;7;7;7;7;7;;;;;6;6;6;6;6;6;;;;;;6;6;6;6;6;6;;;;;;5;5;5;5;5;;;;;;;5;5;5;5;5;;;;;;;3;3;3;;;;;;;;;5;5;5;5;5;;;;;;;4AK;4AK;4AK;4AK;AK;AK;AK;AK;AK;AK;;8;8;8;8;8;8;8;8;;;;8;8;8;8;8;8;8;8;;;;7AK;7AK;7AK;7AK;7AK;7AK;7AK;AK;AK;AK;;6AK;6AK;6AK;6AK;6AK;6AK;AK;AK;AK;AK;;;;;;;;;;;;;;;;;;;;;;;;8AS;8AS;8AS;8AS;8AS;8AS;8AS;8AS;AS;AS;;;;;;;;;;;;;;;;;;;;;;;;AK;;;AK;AK;;;AS;;;6;6;5;5;7;6;6;5;5;3;5;4AK-AS;8;8;7AK-AS;6AK-AS;0;0;8AS-AK;0;149;#REF!;
B;75;6;6;5;5;7;6;6;5;5;3;5;3AS;8;7;7AS;6AS;0;0;8AK;0;;;6;6;6;6;6;6;;;;;;6;6;6;6;6;6;;;;;;5;5;5;5;5;;;;;;;5;5;5;5;5;;;;;;;7;7;7;7;7;7;7;;;;;6;6;6;6;6;6;;;;;;6;6;6;6;6;6;;;;;;5;5;5;5;5;;;;;;;5;5;5;5;5;;;;;;;3;3;3;;;;;;;;;5;5;5;5;5;;;;;;;3AS;3AS;3AS;AS;AS;AS;AS;AS;AS;AS;;8;8;8;8;8;8;8;8;;;;7;7;7;7;7;7;7;;;;;7AS;7AS;7AS;7AS;7AS;7AS;7AS;AS;AS;AS;;6AS;6AS;6AS;6AS;6AS;6AS;AS;AS;AS;AS;;;;;;;;;;;;;;;;;;;;;;;;8AK;8AK;8AK;8AK;8AK;8AK;8AK;8AK;AK;AK;;;;;;;;;;;;;;;;;;;;;;;;AS;;;AS;AS;;;AK;;;6;6;5;5;7;6;6;5;5;3;5;3AS-AK;8;7;7AS-;6AS-AK;0;0;8AK-;0;151;#REF!;
A;74;6;6;5;5;6;6;5;4;5;3;5;3AK;8;7;7;6AK;0;0;8;0;;;6;6;6;6;6;6;;;;;;6;6;6;6;6;6;;;;;;5;5;5;5;5;;;;;;;5;5;5;5;5;;;;;;;6;6;6;6;6;6;;;;;;6;6;6;6;6;6;;;;;;5;5;5;5;5;;;;;;;4;4;4;4;;;;;;;;5;5;5;5;5;;;;;;;3;3;3;;;;;;;;;5;5;5;5;5;;;;;;;3AK;3AK;3AK;AK;AK;AK;AK;AK;AK;AK;;8;8;8;8;8;8;8;8;;;;7;7;7;7;7;7;7;;;;;7;7;7;7;7;7;7;;;;;6AK;6AK;6AK;6AK;6AK;6AK;AK;AK;AK;AK;;;;;;;;;;;;;;;;;;;;;;;;8;8;8;8;8;8;8;8;;;;;;;;;;;;;;;;;;;;;;;;;;AK;;;;AK;;;;;;6;6;5;5;6;6;5;4;5;3;5;3AK-AS;8;7;7;6AK-AS;0;0;8;0;153;#REF!;
B;73;6;5;5;4;6;5;5;4;5;3;4;3AS;8;7;6;5AS;0;0;0;0;;;6;6;6;6;6;6;;;;;;5;5;5;5;5;;;;;;;5;5;5;5;5;;;;;;;4;4;4;4;;;;;;;;6;6;6;6;6;6;;;;;;5;5;5;5;5;;;;;;;5;5;5;5;5;;;;;;;4;4;4;4;;;;;;;;5;5;5;5;5;;;;;;;3;3;3;;;;;;;;;4;4;4;4;;;;;;;;3AS;3AS;3AS;AS;AS;AS;AS;AS;AS;AS;;8;8;8;8;8;8;8;8;;;;7;7;7;7;7;7;7;;;;;6;6;6;6;6;6;;;;;;5AS;5AS;5AS;5AS;5AS;AS;AS;AS;AS;AS;;;;;;;;;;;;;;;;;;;;;;;;;;;;;;;;;;;;;;;;;;;;;;;;;;;;;;;;;AS;;;;AS;;;;;;6;5;5;4;6;5;5;4;5;3;4;3AS-AK;8;7;6;5AS-AK;0;0;0;0;155;#REF!;
A;72;5;5;5;4;6;5;5;4;5;2;5;2AK;8;7;6;5AK;0;0;0;0;;;5;5;5;5;5;;;;;;;5;5;5;5;5;;;;;;;5;5;5;5;5;;;;;;;4;4;4;4;;;;;;;;6;6;6;6;6;6;;;;;;5;5;5;5;5;;;;;;;5;5;5;5;5;;;;;;;4;4;4;4;;;;;;;;5;5;5;5;5;;;;;;;2;2;;;;;;;;;;5;5;5;5;5;;;;;;;2AK;2AK;AK;AK;AK;AK;AK;AK;AK;AK;;8;8;8;8;8;8;8;8;;;;7;7;7;7;7;7;7;;;;;6;6;6;6;6;6;;;;;;5AK;5AK;5AK;5AK;5AK;AK;AK;AK;AK;AK;;;;;;;;;;;;;;;;;;;;;;;;;;;;;;;;;;;;;;;;;;;;;;;;;;;;;;;;;AK;;;;AK;;;;;;5;5;5;4;6;5;5;4;5;2;5;2AK-AS;8;7;6;5AK-AS;0;0;0;0;157;#REF!;
B;71;5;5;4;4;6;5;5;4;5;2;4;2AS;7;6;6;5AS;0;0;0;0;;;5;5;5;5;5;;;;;;;5;5;5;5;5;;;;;;;4;4;4;4;;;;;;;;4;4;4;4;;;;;;;;6;6;6;6;6;6;;;;;;5;5;5;5;5;;;;;;;5;5;5;5;5;;;;;;;4;4;4;4;;;;;;;;5;5;5;5;5;;;;;;;2;2;;;;;;;;;;4;4;4;4;;;;;;;;2AS;2AS;AS;AS;AS;AS;AS;AS;AS;AS;;7;7;7;7;7;7;7;;;;;6;6;6;6;6;6;;;;;;6;6;6;6;6;6;;;;;;5AS;5AS;5AS;5AS;5AS;AS;AS;AS;AS;AS;;;;;;;;;;;;;;;;;;;;;;;;;;;;;;;;;;;;;;;;;;;;;;;;;;;;;;;;;AS;;;;AS;;;;;;5;5;4;4;6;5;5;4;5;2;4;2AS-;7;6;6;5AS-;0;0;0;0;159;#REF!;
A;70;5;5;4;4;6;5;4;3;4;2;3;2;7;6;6;4;0;0;0;0;;;5;5;5;5;5;;;;;;;5;5;5;5;5;;;;;;;4;4;4;4;;;;;;;;4;4;4;4;;;;;;;;6;6;6;6;6;6;;;;;;5;5;5;5;5;;;;;;;4;4;4;4;;;;;;;;3;3;3;;;;;;;;;4;4;4;4;;;;;;;;2;2;;;;;;;;;;3;3;3;;;;;;;;;2;2;;;;;;;;;;7;7;7;7;7;7;7;;;;;6;6;6;6;6;6;;;;;;6;6;6;6;6;6;;;;;;4;4;4;4;;;;;;;;;;;;;;;;;;;;;;;;;;;;;;;;;;;;;;;;;;;;;;;;;;;;;;;;;;;;;;;;;;;;;;;;;5;5;4;4;6;5;4;3;4;2;3;2;7;6;6;4;0;0;0;0;161;#REF!;
B;69;5;5;4;4;5;5;4;3;4;0;3;0;7;6;5;4;0;0;0;0;;;5;5;5;5;5;;;;;;;5;5;5;5;5;;;;;;;4;4;4;4;;;;;;;;4;4;4;4;;;;;;;;5;5;5;5;5;;;;;;;5;5;5;5;5;;;;;;;4;4;4;4;;;;;;;;3;3;3;;;;;;;;;4;4;4;4;;;;;;;;;;;;;;;;;;;3;3;3;;;;;;;;;;;;;;;;;;;;7;7;7;7;7;7;7;;;;;6;6;6;6;6;6;;;;;;5;5;5;5;5;;;;;;;4;4;4;4;;;;;;;;;;;;;;;;;;;;;;;;;;;;;;;;;;;;;;;;;;;;;;;;;;;;;;;;;;;;;;;;;;;;;;;;;5;5;4;4;5;5;4;3;4;0;3;0;7;6;5;4;0;0;0;0;163;#REF!;
A;68;5;5;4;3;5;4;4;3;4;0;3;0;7;6;5;0;0;0;0;0;;;5;5;5;5;5;;;;;;;5;5;5;5;5;;;;;;;4;4;4;4;;;;;;;;3;3;3;;;;;;;;;5;5;5;5;5;;;;;;;4;4;4;4;;;;;;;;4;4;4;4;;;;;;;;3;3;3;;;;;;;;;4;4;4;4;;;;;;;;;;;;;;;;;;;3;3;3;;;;;;;;;;;;;;;;;;;;7;7;7;7;7;7;7;;;;;6;6;6;6;6;6;;;;;;5;5;5;5;5;;;;;;;;;;;;;;;;;;;;;;;;;;;;;;;;;;;;;;;;;;;;;;;;;;;;;;;;;;;;;;;;;;;;;;;;;;;;;;;;;;;5;5;4;3;5;4;4;3;4;0;3;0;7;6;5;0;0;0;0;0;165;#REF!;
B;67;5;5;4;3;5;4;4;3;3;0;2;0;7;6;5;0;0;0;0;0;;;5;5;5;5;5;;;;;;;5;5;5;5;5;;;;;;;4;4;4;4;;;;;;;;3;3;3;;;;;;;;;5;5;5;5;5;;;;;;;4;4;4;4;;;;;;;;4;4;4;4;;;;;;;;3;3;3;;;;;;;;;3;3;3;;;;;;;;;;;;;;;;;;;;2;2;;;;;;;;;;;;;;;;;;;;;7;7;7;7;7;7;7;;;;;6;6;6;6;6;6;;;;;;5;5;5;5;5;;;;;;;;;;;;;;;;;;;;;;;;;;;;;;;;;;;;;;;;;;;;;;;;;;;;;;;;;;;;;;;;;;;;;;;;;;;;;;;;;;;5;5;4;3;5;4;4;3;3;0;2;0;7;6;5;0;0;0;0;0;167;#REF!;
A;66;5;4;4;3;5;4;3;2;3;0;2;0;6;5;4;0;0;0;0;0;;;5;5;5;5;5;;;;;;;4;4;4;4;;;;;;;;4;4;4;4;;;;;;;;3;3;3;;;;;;;;;5;5;5;5;5;;;;;;;4;4;4;4;;;;;;;;3;3;3;;;;;;;;;2;2;;;;;;;;;;3;3;3;;;;;;;;;;;;;;;;;;;;2;2;;;;;;;;;;;;;;;;;;;;;6;6;6;6;6;6;;;;;;5;5;5;5;5;;;;;;;4;4;4;4;;;;;;;;;;;;;;;;;;;;;;;;;;;;;;;;;;;;;;;;;;;;;;;;;;;;;;;;;;;;;;;;;;;;;;;;;;;;;;;;;;;;5;4;4;3;5;4;3;2;3;0;2;0;6;5;4;0;0;0;0;0;169;#REF!;
B;65;5;4;3;3;5;4;3;2;3;0;2;0;6;5;4;0;0;0;0;0;;;5;5;5;5;5;;;;;;;4;4;4;4;;;;;;;;3;3;3;;;;;;;;;3;3;3;;;;;;;;;5;5;5;5;5;;;;;;;4;4;4;4;;;;;;;;3;3;3;;;;;;;;;2;2;;;;;;;;;;3;3;3;;;;;;;;;;;;;;;;;;;;2;2;;;;;;;;;;;;;;;;;;;;;6;6;6;6;6;6;;;;;;5;5;5;5;5;;;;;;;4;4;4;4;;;;;;;;;;;;;;;;;;;;;;;;;;;;;;;;;;;;;;;;;;;;;;;;;;;;;;;;;;;;;;;;;;;;;;;;;;;;;;;;;;;;5;4;3;3;5;4;3;2;3;0;2;0;6;5;4;0;0;0;0;0;171;#REF!;
A;64;5;4;3;3;4;4;3;2;3;0;0;0;6;5;4;0;0;0;0;0;;;5;5;5;5;5;;;;;;;4;4;4;4;;;;;;;;3;3;3;;;;;;;;;3;3;3;;;;;;;;;4;4;4;4;;;;;;;;4;4;4;4;;;;;;;;3;3;3;;;;;;;;;2;2;;;;;;;;;;3;3;3;;;;;;;;;;;;;;;;;;;;;;;;;;;;;;;;;;;;;;;;;;6;6;6;6;6;6;;;;;;5;5;5;5;5;;;;;;;4;4;4;4;;;;;;;;;;;;;;;;;;;;;;;;;;;;;;;;;;;;;;;;;;;;;;;;;;;;;;;;;;;;;;;;;;;;;;;;;;;;;;;;;;;;5;4;3;3;4;4;3;2;3;0;0;0;6;5;4;0;0;0;0;0;173;#REF!;
B;63;4;4;3;2;4;3;3;2;2;0;0;0;6;5;0;0;0;0;0;0;;;4;4;4;4;;;;;;;;4;4;4;4;;;;;;;;3;3;3;;;;;;;;;2;2;;;;;;;;;;4;4;4;4;;;;;;;;3;3;3;;;;;;;;;3;3;3;;;;;;;;;2;2;;;;;;;;;;2;2;;;;;;;;;;;;;;;;;;;;;;;;;;;;;;;;;;;;;;;;;;;6;6;6;6;6;6;;;;;;5;5;5;5;5;;;;;;;;;;;;;;;;;;;;;;;;;;;;;;;;;;;;;;;;;;;;;;;;;;;;;;;;;;;;;;;;;;;;;;;;;;;;;;;;;;;;;;;;;;;;;;4;4;3;2;4;3;3;2;2;0;0;0;6;5;0;0;0;0;0;0;175;#REF!;
A;62;4;4;3;2;4;3;2;1;2;0;0;0;5;4;0;0;0;0;0;0;;;4;4;4;4;;;;;;;;4;4;4;4;;;;;;;;3;3;3;;;;;;;;;2;2;;;;;;;;;;4;4;4;4;;;;;;;;3;3;3;;;;;;;;;2;2;;;;;;;;;;1;;;;;;;;;;;2;2;;;;;;;;;;;;;;;;;;;;;;;;;;;;;;;;;;;;;;;;;;;5;5;5;5;5;;;;;;;4;4;4;4;;;;;;;;;;;;;;;;;;;;;;;;;;;;;;;;;;;;;;;;;;;;;;;;;;;;;;;;;;;;;;;;;;;;;;;;;;;;;;;;;;;;;;;;;;;;;;;4;4;3;2;4;3;2;1;2;0;0;0;5;4;0;0;0;0;0;0;177;#REF!;
B;61;4;4;3;2;4;3;2;1;2;0;0;0;5;4;0;0;0;0;0;0;;;4;4;4;4;;;;;;;;4;4;4;4;;;;;;;;3;3;3;;;;;;;;;2;2;;;;;;;;;;4;4;4;4;;;;;;;;3;3;3;;;;;;;;;2;2;;;;;;;;;;1;;;;;;;;;;;2;2;;;;;;;;;;;;;;;;;;;;;;;;;;;;;;;;;;;;;;;;;;;5;5;5;5;5;;;;;;;4;4;4;4;;;;;;;;;;;;;;;;;;;;;;;;;;;;;;;;;;;;;;;;;;;;;;;;;;;;;;;;;;;;;;;;;;;;;;;;;;;;;;;;;;;;;;;;;;;;;;;4;4;3;2;4;3;2;1;2;0;0;0;5;4;0;0;0;0;0;0;179;#REF!;
A;60;4;4;2;2;4;3;2;1;2;0;0;0;5;4;0;0;0;0;0;0;;;4;4;4;4;;;;;;;;4;4;4;4;;;;;;;;2;2;;;;;;;;;;2;2;;;;;;;;;;4;4;4;4;;;;;;;;3;3;3;;;;;;;;;2;2;;;;;;;;;;1;;;;;;;;;;;2;2;;;;;;;;;;;;;;;;;;;;;;;;;;;;;;;;;;;;;;;;;;;5;5;5;5;5;;;;;;;4;4;4;4;;;;;;;;;;;;;;;;;;;;;;;;;;;;;;;;;;;;;;;;;;;;;;;;;;;;;;;;;;;;;;;;;;;;;;;;;;;;;;;;;;;;;;;;;;;;;;;4;4;2;2;4;3;2;1;2;0;0;0;5;4;0;0;0;0;0;0;181;#REF!;
B;59;4;3;2;2;3;3;2;0;0;0;0;0;5;4;0;0;0;0;0;0;;;4;4;4;4;;;;;;;;3;3;3;;;;;;;;;2;2;;;;;;;;;;2;2;;;;;;;;;;3;3;3;;;;;;;;;3;3;3;;;;;;;;;2;2;;;;;;;;;;;;;;;;;;;;;;;;;;;;;;;;;;;;;;;;;;;;;;;;;;;;;;;;;;;;;;;;;5;5;5;5;5;;;;;;;4;4;4;4;;;;;;;;;;;;;;;;;;;;;;;;;;;;;;;;;;;;;;;;;;;;;;;;;;;;;;;;;;;;;;;;;;;;;;;;;;;;;;;;;;;;;;;;;;;;;;;4;3;2;2;3;3;2;0;0;0;0;0;5;4;0;0;0;0;0;0;183;#REF!;
A;58;4;3;2;1;3;2;1;0;0;0;0;0;5;0;0;0;0;0;0;0;;;4;4;4;4;;;;;;;;3;3;3;;;;;;;;;2;2;;;;;;;;;;1;;;;;;;;;;;3;3;3;;;;;;;;;2;2;;;;;;;;;;1;;;;;;;;;;;;;;;;;;;;;;;;;;;;;;;;;;;;;;;;;;;;;;;;;;;;;;;;;;;;;;;;;;5;5;5;5;5;;;;;;;;;;;;;;;;;;;;;;;;;;;;;;;;;;;;;;;;;;;;;;;;;;;;;;;;;;;;;;;;;;;;;;;;;;;;;;;;;;;;;;;;;;;;;;;;;;;;;;;;;4;3;2;1;3;2;1;0;0;0;0;0;5;0;0;0;0;0;0;0;185;#REF!;
B;57;4;3;2;1;3;2;1;0;0;0;0;0;4;0;0;0;0;0;0;0;;;4;4;4;4;;;;;;;;3;3;3;;;;;;;;;2;2;;;;;;;;;;1;;;;;;;;;;;3;3;3;;;;;;;;;2;2;;;;;;;;;;1;;;;;;;;;;;;;;;;;;;;;;;;;;;;;;;;;;;;;;;;;;;;;;;;;;;;;;;;;;;;;;;;;;4;4;4;4;;;;;;;;;;;;;;;;;;;;;;;;;;;;;;;;;;;;;;;;;;;;;;;;;;;;;;;;;;;;;;;;;;;;;;;;;;;;;;;;;;;;;;;;;;;;;;;;;;;;;;;;;;4;3;2;1;3;2;1;0;0;0;0;0;4;0;0;0;0;0;0;0;187;#REF!;
A;56;4;3;2;1;3;2;1;0;0;0;0;0;4;0;0;0;0;0;0;0;;;4;4;4;4;;;;;;;;3;3;3;;;;;;;;;2;2;;;;;;;;;;1;;;;;;;;;;;3;3;3;;;;;;;;;2;2;;;;;;;;;;1;;;;;;;;;;;;;;;;;;;;;;;;;;;;;;;;;;;;;;;;;;;;;;;;;;;;;;;;;;;;;;;;;;4;4;4;4;;;;;;;;;;;;;;;;;;;;;;;;;;;;;;;;;;;;;;;;;;;;;;;;;;;;;;;;;;;;;;;;;;;;;;;;;;;;;;;;;;;;;;;;;;;;;;;;;;;;;;;;;;4;3;2;1;3;2;1;0;0;0;0;0;4;0;0;0;0;0;0;0;189;#REF!;
B;55;4;3;2;1;3;2;1;0;0;0;0;0;4;0;0;0;0;0;0;0;;;4;4;4;4;;;;;;;;3;3;3;;;;;;;;;2;2;;;;;;;;;;1;;;;;;;;;;;3;3;3;;;;;;;;;2;2;;;;;;;;;;1;;;;;;;;;;;;;;;;;;;;;;;;;;;;;;;;;;;;;;;;;;;;;;;;;;;;;;;;;;;;;;;;;;4;4;4;4;;;;;;;;;;;;;;;;;;;;;;;;;;;;;;;;;;;;;;;;;;;;;;;;;;;;;;;;;;;;;;;;;;;;;;;;;;;;;;;;;;;;;;;;;;;;;;;;;;;;;;;;;;4;3;2;1;3;2;1;0;0;0;0;0;4;0;0;0;0;0;0;0;191;#REF!;
A;54;4;3;2;1;3;2;1;0;0;0;0;0;4;0;0;0;0;0;0;0;;;4;4;4;4;;;;;;;;3;3;3;;;;;;;;;2;2;;;;;;;;;;1;;;;;;;;;;;3;3;3;;;;;;;;;2;2;;;;;;;;;;1;;;;;;;;;;;;;;;;;;;;;;;;;;;;;;;;;;;;;;;;;;;;;;;;;;;;;;;;;;;;;;;;;;4;4;4;4;;;;;;;;;;;;;;;;;;;;;;;;;;;;;;;;;;;;;;;;;;;;;;;;;;;;;;;;;;;;;;;;;;;;;;;;;;;;;;;;;;;;;;;;;;;;;;;;;;;;;;;;;;4;3;2;1;3;2;1;0;0;0;0;0;4;0;0;0;0;0;0;0;193;#REF!;
B;53;3;3;1;0;2;1;0;0;0;0;0;0;4;0;0;0;0;0;0;0;;;3;3;3;;;;;;;;;3;3;3;;;;;;;;;1;;;;;;;;;;;;;;;;;;;;;;2;2;;;;;;;;;;1;;;;;;;;;;;;;;;;;;;;;;;;;;;;;;;;;;;;;;;;;;;;;;;;;;;;;;;;;;;;;;;;;;;;;;;;;;;;;4;4;4;4;;;;;;;;;;;;;;;;;;;;;;;;;;;;;;;;;;;;;;;;;;;;;;;;;;;;;;;;;;;;;;;;;;;;;;;;;;;;;;;;;;;;;;;;;;;;;;;;;;;;;;;;;;3;3;1;0;2;1;0;0;0;0;0;0;4;0;0;0;0;0;0;0;195;#REF!;
A;52;3;3;1;0;2;1;0;0;0;0;0;0;4;0;0;0;0;0;0;0;;;3;3;3;;;;;;;;;3;3;3;;;;;;;;;1;;;;;;;;;;;;;;;;;;;;;;2;2;;;;;;;;;;1;;;;;;;;;;;;;;;;;;;;;;;;;;;;;;;;;;;;;;;;;;;;;;;;;;;;;;;;;;;;;;;;;;;;;;;;;;;;;4;4;4;4;;;;;;;;;;;;;;;;;;;;;;;;;;;;;;;;;;;;;;;;;;;;;;;;;;;;;;;;;;;;;;;;;;;;;;;;;;;;;;;;;;;;;;;;;;;;;;;;;;;;;;;;;;3;3;1;0;2;1;0;0;0;0;0;0;4;0;0;0;0;0;0;0;197;#REF!;
B;51;3;3;1;0;2;1;0;0;0;0;0;0;4;0;0;0;0;0;0;0;;;3;3;3;;;;;;;;;3;3;3;;;;;;;;;1;;;;;;;;;;;;;;;;;;;;;;2;2;;;;;;;;;;1;;;;;;;;;;;;;;;;;;;;;;;;;;;;;;;;;;;;;;;;;;;;;;;;;;;;;;;;;;;;;;;;;;;;;;;;;;;;;4;4;4;4;;;;;;;;;;;;;;;;;;;;;;;;;;;;;;;;;;;;;;;;;;;;;;;;;;;;;;;;;;;;;;;;;;;;;;;;;;;;;;;;;;;;;;;;;;;;;;;;;;;;;;;;;;3;3;1;0;2;1;0;0;0;0;0;0;4;0;0;0;0;0;0;0;199;#REF!;
A;50;3;3;1;0;2;1;0;0;0;0;0;0;4;0;0;0;0;0;0;0;;;3;3;3;;;;;;;;;3;3;3;;;;;;;;;1;;;;;;;;;;;;;;;;;;;;;;2;2;;;;;;;;;;1;;;;;;;;;;;;;;;;;;;;;;;;;;;;;;;;;;;;;;;;;;;;;;;;;;;;;;;;;;;;;;;;;;;;;;;;;;;;;4;4;4;4;;;;;;;;;;;;;;;;;;;;;;;;;;;;;;;;;;;;;;;;;;;;;;;;;;;;;;;;;;;;;;;;;;;;;;;;;;;;;;;;;;;;;;;;;;;;;;;;;;;;;;;;;;3;3;1;0;2;1;0;0;0;0;0;0;4;0;0;0;0;0;0;0;201;#REF!;
B;49;3;2;0;0;1;0;0;0;0;0;0;0;0;0;0;0;0;0;0;0;;;3;3;3;;;;;;;;;2;2;;;;;;;;;;;;;;;;;;;;;;;;;;;;;;;;1;;;;;;;;;;;;;;;;;;;;;;;;;;;;;;;;;;;;;;;;;;;;;;;;;;;;;;;;;;;;;;;;;;;;;;;;;;;;;;;;;;;;;;;;;;;;;;;;;;;;;;;;;;;;;;;;;;;;;;;;;;;;;;;;;;;;;;;;;;;;;;;;;;;;;;;;;;;;;;;;;;;;;;;;;;;;;;;;;;;;;;;;;;;;;;;;;;;;;3;2;0;0;1;0;0;0;0;0;0;0;0;0;0;0;0;0;0;0;203;#REF!;
A;48;3;2;0;0;1;0;0;0;0;0;0;0;0;0;0;0;0;0;0;0;;;3;3;3;;;;;;;;;2;2;;;;;;;;;;;;;;;;;;;;;;;;;;;;;;;;1;;;;;;;;;;;;;;;;;;;;;;;;;;;;;;;;;;;;;;;;;;;;;;;;;;;;;;;;;;;;;;;;;;;;;;;;;;;;;;;;;;;;;;;;;;;;;;;;;;;;;;;;;;;;;;;;;;;;;;;;;;;;;;;;;;;;;;;;;;;;;;;;;;;;;;;;;;;;;;;;;;;;;;;;;;;;;;;;;;;;;;;;;;;;;;;;;;;;;3;2;0;0;1;0;0;0;0;0;0;0;0;0;0;0;0;0;0;0;205;#REF!;
B;47;3;2;0;0;1;0;0;0;0;0;0;0;0;0;0;0;0;0;0;0;;;3;3;3;;;;;;;;;2;2;;;;;;;;;;;;;;;;;;;;;;;;;;;;;;;;1;;;;;;;;;;;;;;;;;;;;;;;;;;;;;;;;;;;;;;;;;;;;;;;;;;;;;;;;;;;;;;;;;;;;;;;;;;;;;;;;;;;;;;;;;;;;;;;;;;;;;;;;;;;;;;;;;;;;;;;;;;;;;;;;;;;;;;;;;;;;;;;;;;;;;;;;;;;;;;;;;;;;;;;;;;;;;;;;;;;;;;;;;;;;;;;;;;;;;3;2;0;0;1;0;0;0;0;0;0;0;0;0;0;0;0;0;0;0;207;#REF!;
A;46;3;2;0;0;1;0;0;0;0;0;0;0;0;0;0;0;0;0;0;0;;;3;3;3;;;;;;;;;2;2;;;;;;;;;;;;;;;;;;;;;;;;;;;;;;;;1;;;;;;;;;;;;;;;;;;;;;;;;;;;;;;;;;;;;;;;;;;;;;;;;;;;;;;;;;;;;;;;;;;;;;;;;;;;;;;;;;;;;;;;;;;;;;;;;;;;;;;;;;;;;;;;;;;;;;;;;;;;;;;;;;;;;;;;;;;;;;;;;;;;;;;;;;;;;;;;;;;;;;;;;;;;;;;;;;;;;;;;;;;;;;;;;;;;;;3;2;0;0;1;0;0;0;0;0;0;0;0;0;0;0;0;0;0;0;209;#REF!;
B;45;2;1;0;0;0;0;0;0;0;0;0;0;0;0;0;0;0;0;0;0;;;2;2;;;;;;;;;;1;;;;;;;;;;;;;;;;;;;;;;;;;;;;;;;;;;;;;;;;;;;;;;;;;;;;;;;;;;;;;;;;;;;;;;;;;;;;;;;;;;;;;;;;;;;;;;;;;;;;;;;;;;;;;;;;;;;;;;;;;;;;;;;;;;;;;;;;;;;;;;;;;;;;;;;;;;;;;;;;;;;;;;;;;;;;;;;;;;;;;;;;;;;;;;;;;;;;;;;;;;;;;;;;;;;;;;;;;;;;;;;;;;;;;;2;1;0;0;0;0;0;0;0;0;0;0;0;0;0;0;0;0;0;0;211;#REF!;
A;44;2;1;0;0;0;0;0;0;0;0;0;0;0;0;0;0;0;0;0;0;;;2;2;;;;;;;;;;1;;;;;;;;;;;;;;;;;;;;;;;;;;;;;;;;;;;;;;;;;;;;;;;;;;;;;;;;;;;;;;;;;;;;;;;;;;;;;;;;;;;;;;;;;;;;;;;;;;;;;;;;;;;;;;;;;;;;;;;;;;;;;;;;;;;;;;;;;;;;;;;;;;;;;;;;;;;;;;;;;;;;;;;;;;;;;;;;;;;;;;;;;;;;;;;;;;;;;;;;;;;;;;;;;;;;;;;;;;;;;;;;;;;;;;2;1;0;0;0;0;0;0;0;0;0;0;0;0;0;0;0;0;0;0;213;#REF!;
B;43;2;1;0;0;0;0;0;0;0;0;0;0;0;0;0;0;0;0;0;0;;;2;2;;;;;;;;;;1;;;;;;;;;;;;;;;;;;;;;;;;;;;;;;;;;;;;;;;;;;;;;;;;;;;;;;;;;;;;;;;;;;;;;;;;;;;;;;;;;;;;;;;;;;;;;;;;;;;;;;;;;;;;;;;;;;;;;;;;;;;;;;;;;;;;;;;;;;;;;;;;;;;;;;;;;;;;;;;;;;;;;;;;;;;;;;;;;;;;;;;;;;;;;;;;;;;;;;;;;;;;;;;;;;;;;;;;;;;;;;;;;;;;;;2;1;0;0;0;0;0;0;0;0;0;0;0;0;0;0;0;0;0;0;215;#REF!;
A;42;2;1;0;0;0;0;0;0;0;0;0;0;0;0;0;0;0;0;0;0;;;2;2;;;;;;;;;;1;;;;;;;;;;;;;;;;;;;;;;;;;;;;;;;;;;;;;;;;;;;;;;;;;;;;;;;;;;;;;;;;;;;;;;;;;;;;;;;;;;;;;;;;;;;;;;;;;;;;;;;;;;;;;;;;;;;;;;;;;;;;;;;;;;;;;;;;;;;;;;;;;;;;;;;;;;;;;;;;;;;;;;;;;;;;;;;;;;;;;;;;;;;;;;;;;;;;;;;;;;;;;;;;;;;;;;;;;;;;;;;;;;;;;;2;1;0;0;0;0;0;0;0;0;0;0;0;0;0;0;0;0;0;0;217;#REF!;
B;41;2;1;0;0;0;0;0;0;0;0;0;0;0;0;0;0;0;0;0;0;;;2;2;;;;;;;;;;1;;;;;;;;;;;;;;;;;;;;;;;;;;;;;;;;;;;;;;;;;;;;;;;;;;;;;;;;;;;;;;;;;;;;;;;;;;;;;;;;;;;;;;;;;;;;;;;;;;;;;;;;;;;;;;;;;;;;;;;;;;;;;;;;;;;;;;;;;;;;;;;;;;;;;;;;;;;;;;;;;;;;;;;;;;;;;;;;;;;;;;;;;;;;;;;;;;;;;;;;;;;;;;;;;;;;;;;;;;;;;;;;;;;;;;2;1;0;0;0;0;0;0;0;0;0;0;0;0;0;0;0;0;0;0;219;#REF!;
A;40;2;1;0;0;0;0;0;0;0;0;0;0;0;0;0;0;0;0;0;0;;;2;2;;;;;;;;;;1;;;;;;;;;;;;;;;;;;;;;;;;;;;;;;;;;;;;;;;;;;;;;;;;;;;;;;;;;;;;;;;;;;;;;;;;;;;;;;;;;;;;;;;;;;;;;;;;;;;;;;;;;;;;;;;;;;;;;;;;;;;;;;;;;;;;;;;;;;;;;;;;;;;;;;;;;;;;;;;;;;;;;;;;;;;;;;;;;;;;;;;;;;;;;;;;;;;;;;;;;;;;;;;;;;;;;;;;;;;;;;;;;;;;;;2;1;0;0;0;0;0;0;0;0;0;0;0;0;0;0;0;0;0;0;221;#REF!;
B;39;2;0;0;0;0;0;0;0;0;0;0;0;0;0;0;0;0;0;0;0;;;2;2;;;;;;;;;;;;;;;;;;;;;;;;;;;;;;;;;;;;;;;;;;;;;;;;;;;;;;;;;;;;;;;;;;;;;;;;;;;;;;;;;;;;;;;;;;;;;;;;;;;;;;;;;;;;;;;;;;;;;;;;;;;;;;;;;;;;;;;;;;;;;;;;;;;;;;;;;;;;;;;;;;;;;;;;;;;;;;;;;;;;;;;;;;;;;;;;;;;;;;;;;;;;;;;;;;;;;;;;;;;;;;;;;;;;;;;;;;;;;;;;2;0;0;0;0;0;0;0;0;0;0;0;0;0;0;0;0;0;0;0;223;#REF!;
A;38;2;0;0;0;0;0;0;0;0;0;0;0;0;0;0;0;0;0;0;0;;;2;2;;;;;;;;;;;;;;;;;;;;;;;;;;;;;;;;;;;;;;;;;;;;;;;;;;;;;;;;;;;;;;;;;;;;;;;;;;;;;;;;;;;;;;;;;;;;;;;;;;;;;;;;;;;;;;;;;;;;;;;;;;;;;;;;;;;;;;;;;;;;;;;;;;;;;;;;;;;;;;;;;;;;;;;;;;;;;;;;;;;;;;;;;;;;;;;;;;;;;;;;;;;;;;;;;;;;;;;;;;;;;;;;;;;;;;;;;;;;;;;;2;0;0;0;0;0;0;0;0;0;0;0;0;0;0;0;0;0;0;0;225;#REF!;
B;37;1;0;0;0;0;0;0;0;0;0;0;0;0;0;0;0;0;0;0;0;;;1;;;;;;;;;;;;;;;;;;;;;;;;;;;;;;;;;;;;;;;;;;;;;;;;;;;;;;;;;;;;;;;;;;;;;;;;;;;;;;;;;;;;;;;;;;;;;;;;;;;;;;;;;;;;;;;;;;;;;;;;;;;;;;;;;;;;;;;;;;;;;;;;;;;;;;;;;;;;;;;;;;;;;;;;;;;;;;;;;;;;;;;;;;;;;;;;;;;;;;;;;;;;;;;;;;;;;;;;;;;;;;;;;;;;;;;;;;;;;;;;;1;0;0;0;0;0;0;0;0;0;0;0;0;0;0;0;0;0;0;0;227;#REF!;
A;36;1;0;0;0;0;0;0;0;0;0;0;0;0;0;0;0;0;0;0;0;;;1;;;;;;;;;;;;;;;;;;;;;;;;;;;;;;;;;;;;;;;;;;;;;;;;;;;;;;;;;;;;;;;;;;;;;;;;;;;;;;;;;;;;;;;;;;;;;;;;;;;;;;;;;;;;;;;;;;;;;;;;;;;;;;;;;;;;;;;;;;;;;;;;;;;;;;;;;;;;;;;;;;;;;;;;;;;;;;;;;;;;;;;;;;;;;;;;;;;;;;;;;;;;;;;;;;;;;;;;;;;;;;;;;;;;;;;;;;;;;;;;;1;0;0;0;0;0;0;0;0;0;0;0;0;0;0;0;0;0;0;0;229;#REF!;
B;35;1;0;0;0;0;0;0;0;0;0;0;0;0;0;0;0;0;0;0;0;;;1;;;;;;;;;;;;;;;;;;;;;;;;;;;;;;;;;;;;;;;;;;;;;;;;;;;;;;;;;;;;;;;;;;;;;;;;;;;;;;;;;;;;;;;;;;;;;;;;;;;;;;;;;;;;;;;;;;;;;;;;;;;;;;;;;;;;;;;;;;;;;;;;;;;;;;;;;;;;;;;;;;;;;;;;;;;;;;;;;;;;;;;;;;;;;;;;;;;;;;;;;;;;;;;;;;;;;;;;;;;;;;;;;;;;;;;;;;;;;;;;;1;0;0;0;0;0;0;0;0;0;0;0;0;0;0;0;0;0;0;0;231;#REF!;
A;34;1;0;0;0;0;0;0;0;0;0;0;0;0;0;0;0;0;0;0;0;;;1;;;;;;;;;;;;;;;;;;;;;;;;;;;;;;;;;;;;;;;;;;;;;;;;;;;;;;;;;;;;;;;;;;;;;;;;;;;;;;;;;;;;;;;;;;;;;;;;;;;;;;;;;;;;;;;;;;;;;;;;;;;;;;;;;;;;;;;;;;;;;;;;;;;;;;;;;;;;;;;;;;;;;;;;;;;;;;;;;;;;;;;;;;;;;;;;;;;;;;;;;;;;;;;;;;;;;;;;;;;;;;;;;;;;;;;;;;;;;;;;;1;0;0;0;0;0;0;0;0;0;0;0;0;0;0;0;0;0;0;0;233;#REF!;
B;33;1;0;0;0;0;0;0;0;0;0;0;0;0;0;0;0;0;0;0;0;;;1;;;;;;;;;;;;;;;;;;;;;;;;;;;;;;;;;;;;;;;;;;;;;;;;;;;;;;;;;;;;;;;;;;;;;;;;;;;;;;;;;;;;;;;;;;;;;;;;;;;;;;;;;;;;;;;;;;;;;;;;;;;;;;;;;;;;;;;;;;;;;;;;;;;;;;;;;;;;;;;;;;;;;;;;;;;;;;;;;;;;;;;;;;;;;;;;;;;;;;;;;;;;;;;;;;;;;;;;;;;;;;;;;;;;;;;;;;;;;;;;;1;0;0;0;0;0;0;0;0;0;0;0;0;0;0;0;0;0;0;0;235;#REF!;
A;32;1;0;0;0;0;0;0;0;0;0;0;0;0;0;0;0;0;0;0;0;;;1;;;;;;;;;;;;;;;;;;;;;;;;;;;;;;;;;;;;;;;;;;;;;;;;;;;;;;;;;;;;;;;;;;;;;;;;;;;;;;;;;;;;;;;;;;;;;;;;;;;;;;;;;;;;;;;;;;;;;;;;;;;;;;;;;;;;;;;;;;;;;;;;;;;;;;;;;;;;;;;;;;;;;;;;;;;;;;;;;;;;;;;;;;;;;;;;;;;;;;;;;;;;;;;;;;;;;;;;;;;;;;;;;;;;;;;;;;;;;;;;;1;0;0;0;0;0;0;0;0;0;0;0;0;0;0;0;0;0;0;0;237;#REF!;
B;31;1;0;0;0;0;0;0;0;0;0;0;0;0;0;0;0;0;0;0;0;;;1;;;;;;;;;;;;;;;;;;;;;;;;;;;;;;;;;;;;;;;;;;;;;;;;;;;;;;;;;;;;;;;;;;;;;;;;;;;;;;;;;;;;;;;;;;;;;;;;;;;;;;;;;;;;;;;;;;;;;;;;;;;;;;;;;;;;;;;;;;;;;;;;;;;;;;;;;;;;;;;;;;;;;;;;;;;;;;;;;;;;;;;;;;;;;;;;;;;;;;;;;;;;;;;;;;;;;;;;;;;;;;;;;;;;;;;;;;;;;;;;;1;0;0;0;0;0;0;0;0;0;0;0;0;0;0;0;0;0;0;0;239;#REF!;
A;30;1;0;0;0;0;0;0;0;0;0;0;0;0;0;0;0;0;0;0;0;;;1;;;;;;;;;;;;;;;;;;;;;;;;;;;;;;;;;;;;;;;;;;;;;;;;;;;;;;;;;;;;;;;;;;;;;;;;;;;;;;;;;;;;;;;;;;;;;;;;;;;;;;;;;;;;;;;;;;;;;;;;;;;;;;;;;;;;;;;;;;;;;;;;;;;;;;;;;;;;;;;;;;;;;;;;;;;;;;;;;;;;;;;;;;;;;;;;;;;;;;;;;;;;;;;;;;;;;;;;;;;;;;;;;;;;;;;;;;;;;;;;FALSO;1;0;0;0;0;0;0;0;0;0;0;0;0;0;0;0;0;0;0;0;241;#REF!;
;29;0;0;0;0;0;0;0;0;0;0;0;0;0;0;0;0;0;0;0;0;;;;;;;;;;;;;;;;;;;;;;;;;;;;;;;;;;;;;;;;;;;;;;;;;;;;;;;;;;;;;;;;;;;;;;;;;;;;;;;;;;;;;;;;;;;;;;;;;;;;;;;;;;;;;;;;;;;;;;;;;;;;;;;;;;;;;;;;;;;;;;;;;;;;;;;;;;;;;;;;;;;;;;;;;;;;;;;;;;;;;;;;;;;;;;;;;;;;;;;;;;;;;;;;;;;;;;;;;;;;;;;;;;;;;;;;;;;;;;;;;;;;0;0;0;0;0;0;0;0;0;0;0;0;0;0;0;0;0;0;0;0;243;#REF!;
;28;0;0;0;0;0;0;0;0;0;0;0;0;0;0;0;0;0;0;0;0;;;;;;;;;;;;;;;;;;;;;;;;;;;;;;;;;;;;;;;;;;;;;;;;;;;;;;;;;;;;;;;;;;;;;;;;;;;;;;;;;;;;;;;;;;;;;;;;;;;;;;;;;;;;;;;;;;;;;;;;;;;;;;;;;;;;;;;;;;;;;;;;;;;;;;;;;;;;;;;;;;;;;;;;;;;;;;;;;;;;;;;;;;;;;;;;;;;;;;;;;;;;;;;;;;;;;;;;;;;;;;;;;;;;;;;;;;;;;;;;;;;;0;0;0;0;0;0;0;0;0;0;0;0;0;0;0;0;0;0;0;0;245;#REF!;
;27;0;0;0;0;0;0;0;0;0;0;0;0;0;0;0;0;0;0;0;0;;;;;;;;;;;;;;;;;;;;;;;;;;;;;;;;;;;;;;;;;;;;;;;;;;;;;;;;;;;;;;;;;;;;;;;;;;;;;;;;;;;;;;;;;;;;;;;;;;;;;;;;;;;;;;;;;;;;;;;;;;;;;;;;;;;;;;;;;;;;;;;;;;;;;;;;;;;;;;;;;;;;;;;;;;;;;;;;;;;;;;;;;;;;;;;;;;;;;;;;;;;;;;;;;;;;;;;;;;;;;;;;;;;;;;;;;;;;;;;;;;;;0;0;0;0;0;0;0;0;0;0;0;0;0;0;0;0;0;0;0;0;247;#REF!;
;26;0;0;0;0;0;0;0;0;0;0;0;0;0;0;0;0;0;0;0;0;;;;;;;;;;;;;;;;;;;;;;;;;;;;;;;;;;;;;;;;;;;;;;;;;;;;;;;;;;;;;;;;;;;;;;;;;;;;;;;;;;;;;;;;;;;;;;;;;;;;;;;;;;;;;;;;;;;;;;;;;;;;;;;;;;;;;;;;;;;;;;;;;;;;;;;;;;;;;;;;;;;;;;;;;;;;;;;;;;;;;;;;;;;;;;;;;;;;;;;;;;;;;;;;;;;;;;;;;;;;;;;;;;;;;;;;;;;;;;;;;;;;0;0;0;0;0;0;0;0;0;0;0;0;0;0;0;0;0;0;0;0;249;#REF!;
;25;0;0;0;0;0;0;0;0;0;0;0;0;0;0;0;0;0;0;0;0;;;;;;;;;;;;;;;;;;;;;;;;;;;;;;;;;;;;;;;;;;;;;;;;;;;;;;;;;;;;;;;;;;;;;;;;;;;;;;;;;;;;;;;;;;;;;;;;;;;;;;;;;;;;;;;;;;;;;;;;;;;;;;;;;;;;;;;;;;;;;;;;;;;;;;;;;;;;;;;;;;;;;;;;;;;;;;;;;;;;;;;;;;;;;;;;;;;;;;;;;;;;;;;;;;;;;;;;;;;;;;;;;;;;;;;;;;;;;;;;;;;;0;0;0;0;0;0;0;0;0;0;0;0;0;0;0;0;0;0;0;0;251;#REF!;
;24;0;0;0;0;0;0;0;0;0;0;0;0;0;0;0;0;0;0;0;0;;;;;;;;;;;;;;;;;;;;;;;;;;;;;;;;;;;;;;;;;;;;;;;;;;;;;;;;;;;;;;;;;;;;;;;;;;;;;;;;;;;;;;;;;;;;;;;;;;;;;;;;;;;;;;;;;;;;;;;;;;;;;;;;;;;;;;;;;;;;;;;;;;;;;;;;;;;;;;;;;;;;;;;;;;;;;;;;;;;;;;;;;;;;;;;;;;;;;;;;;;;;;;;;;;;;;;;;;;;;;;;;;;;;;;;;;;;;;;;;;;;;0;0;0;0;0;0;0;0;0;0;0;0;0;0;0;0;0;0;0;0;253;#REF!;
;23;0;0;0;0;0;0;0;0;0;0;0;0;0;0;0;0;0;0;0;0;;;;;;;;;;;;;;;;;;;;;;;;;;;;;;;;;;;;;;;;;;;;;;;;;;;;;;;;;;;;;;;;;;;;;;;;;;;;;;;;;;;;;;;;;;;;;;;;;;;;;;;;;;;;;;;;;;;;;;;;;;;;;;;;;;;;;;;;;;;;;;;;;;;;;;;;;;;;;;;;;;;;;;;;;;;;;;;;;;;;;;;;;;;;;;;;;;;;;;;;;;;;;;;;;;;;;;;;;;;;;;;;;;;;;;;;;;;;;;;;;;;;0;0;0;0;0;0;0;0;0;0;0;0;0;0;0;0;0;0;0;0;255;#REF!;
;22;0;0;0;0;0;0;0;0;0;0;0;0;0;0;0;0;0;0;0;0;;;;;;;;;;;;;;;;;;;;;;;;;;;;;;;;;;;;;;;;;;;;;;;;;;;;;;;;;;;;;;;;;;;;;;;;;;;;;;;;;;;;;;;;;;;;;;;;;;;;;;;;;;;;;;;;;;;;;;;;;;;;;;;;;;;;;;;;;;;;;;;;;;;;;;;;;;;;;;;;;;;;;;;;;;;;;;;;;;;;;;;;;;;;;;;;;;;;;;;;;;;;;;;;;;;;;;;;;;;;;;;;;;;;;;;;;;;;;;;;;;;;0;0;0;0;0;0;0;0;0;0;0;0;0;0;0;0;0;0;0;0;257;#REF!;
;21;0;0;0;0;0;0;0;0;0;0;0;0;0;0;0;0;0;0;0;0;;;;;;;;;;;;;;;;;;;;;;;;;;;;;;;;;;;;;;;;;;;;;;;;;;;;;;;;;;;;;;;;;;;;;;;;;;;;;;;;;;;;;;;;;;;;;;;;;;;;;;;;;;;;;;;;;;;;;;;;;;;;;;;;;;;;;;;;;;;;;;;;;;;;;;;;;;;;;;;;;;;;;;;;;;;;;;;;;;;;;;;;;;;;;;;;;;;;;;;;;;;;;;;;;;;;;;;;;;;;;;;;;;;;;;;;;;;;;;;;;;;;0;0;0;0;0;0;0;0;0;0;0;0;0;0;0;0;0;0;0;0;259;#REF!;
;20;0;0;0;0;0;0;0;0;0;0;0;0;0;0;0;0;0;0;0;0;;;;;;;;;;;;;;;;;;;;;;;;;;;;;;;;;;;;;;;;;;;;;;;;;;;;;;;;;;;;;;;;;;;;;;;;;;;;;;;;;;;;;;;;;;;;;;;;;;;;;;;;;;;;;;;;;;;;;;;;;;;;;;;;;;;;;;;;;;;;;;;;;;;;;;;;;;;;;;;;;;;;;;;;;;;;;;;;;;;;;;;;;;;;;;;;;;;;;;;;;;;;;;;;;;;;;;;;;;;;;;;;;;;;;;;;;;;;;;;;;;;;0;0;0;0;0;0;0;0;0;0;0;0;0;0;0;0;0;0;0;0;261;#REF!;
;19;0;0;0;0;0;0;0;0;0;0;0;0;0;0;0;0;0;0;0;0;;;;;;;;;;;;;;;;;;;;;;;;;;;;;;;;;;;;;;;;;;;;;;;;;;;;;;;;;;;;;;;;;;;;;;;;;;;;;;;;;;;;;;;;;;;;;;;;;;;;;;;;;;;;;;;;;;;;;;;;;;;;;;;;;;;;;;;;;;;;;;;;;;;;;;;;;;;;;;;;;;;;;;;;;;;;;;;;;;;;;;;;;;;;;;;;;;;;;;;;;;;;;;;;;;;;;;;;;;;;;;;;;;;;;;;;;;;;;;;;;;;;0;0;0;0;0;0;0;0;0;0;0;0;0;0;0;0;0;0;0;0;263;#REF!;
;18;0;0;0;0;0;0;0;0;0;0;0;0;0;0;0;0;0;0;0;0;;;;;;;;;;;;;;;;;;;;;;;;;;;;;;;;;;;;;;;;;;;;;;;;;;;;;;;;;;;;;;;;;;;;;;;;;;;;;;;;;;;;;;;;;;;;;;;;;;;;;;;;;;;;;;;;;;;;;;;;;;;;;;;;;;;;;;;;;;;;;;;;;;;;;;;;;;;;;;;;;;;;;;;;;;;;;;;;;;;;;;;;;;;;;;;;;;;;;;;;;;;;;;;;;;;;;;;;;;;;;;;;;;;;;;;;;;;;;;;;;;;;0;0;0;0;0;0;0;0;0;0;0;0;0;0;0;0;0;0;0;0;265;#REF!;
;17;0;0;0;0;0;0;0;0;0;0;0;0;0;0;0;0;0;0;0;0;;;;;;;;;;;;;;;;;;;;;;;;;;;;;;;;;;;;;;;;;;;;;;;;;;;;;;;;;;;;;;;;;;;;;;;;;;;;;;;;;;;;;;;;;;;;;;;;;;;;;;;;;;;;;;;;;;;;;;;;;;;;;;;;;;;;;;;;;;;;;;;;;;;;;;;;;;;;;;;;;;;;;;;;;;;;;;;;;;;;;;;;;;;;;;;;;;;;;;;;;;;;;;;;;;;;;;;;;;;;;;;;;;;;;;;;;;;;;;;;;;;;0;0;0;0;0;0;0;0;0;0;0;0;0;0;0;0;0;0;0;0;267;#REF!;
;16;0;0;0;0;0;0;0;0;0;0;0;0;0;0;0;0;0;0;0;0;;;;;;;;;;;;;;;;;;;;;;;;;;;;;;;;;;;;;;;;;;;;;;;;;;;;;;;;;;;;;;;;;;;;;;;;;;;;;;;;;;;;;;;;;;;;;;;;;;;;;;;;;;;;;;;;;;;;;;;;;;;;;;;;;;;;;;;;;;;;;;;;;;;;;;;;;;;;;;;;;;;;;;;;;;;;;;;;;;;;;;;;;;;;;;;;;;;;;;;;;;;;;;;;;;;;;;;;;;;;;;;;;;;;;;;;;;;;;;;;;;;;0;0;0;0;0;0;0;0;0;0;0;0;0;0;0;0;0;0;0;0;269;#REF!;
;15;0;0;0;0;0;0;0;0;0;0;0;0;0;0;0;0;0;0;0;0;;;;;;;;;;;;;;;;;;;;;;;;;;;;;;;;;;;;;;;;;;;;;;;;;;;;;;;;;;;;;;;;;;;;;;;;;;;;;;;;;;;;;;;;;;;;;;;;;;;;;;;;;;;;;;;;;;;;;;;;;;;;;;;;;;;;;;;;;;;;;;;;;;;;;;;;;;;;;;;;;;;;;;;;;;;;;;;;;;;;;;;;;;;;;;;;;;;;;;;;;;;;;;;;;;;;;;;;;;;;;;;;;;;;;;;;;;;;;;;;;;;;0;0;0;0;0;0;0;0;0;0;0;0;0;0;0;0;0;0;0;0;271;#REF!;
;14;0;0;0;0;0;0;0;0;0;0;0;0;0;0;0;0;0;0;0;0;;;;;;;;;;;;;;;;;;;;;;;;;;;;;;;;;;;;;;;;;;;;;;;;;;;;;;;;;;;;;;;;;;;;;;;;;;;;;;;;;;;;;;;;;;;;;;;;;;;;;;;;;;;;;;;;;;;;;;;;;;;;;;;;;;;;;;;;;;;;;;;;;;;;;;;;;;;;;;;;;;;;;;;;;;;;;;;;;;;;;;;;;;;;;;;;;;;;;;;;;;;;;;;;;;;;;;;;;;;;;;;;;;;;;;;;;;;;;;;;;;;;0;0;0;0;0;0;0;0;0;0;0;0;0;0;0;0;0;0;0;0;273;#REF!;
;13;0;0;0;0;0;0;0;0;0;0;0;0;0;0;0;0;0;0;0;0;;;;;;;;;;;;;;;;;;;;;;;;;;;;;;;;;;;;;;;;;;;;;;;;;;;;;;;;;;;;;;;;;;;;;;;;;;;;;;;;;;;;;;;;;;;;;;;;;;;;;;;;;;;;;;;;;;;;;;;;;;;;;;;;;;;;;;;;;;;;;;;;;;;;;;;;;;;;;;;;;;;;;;;;;;;;;;;;;;;;;;;;;;;;;;;;;;;;;;;;;;;;;;;;;;;;;;;;;;;;;;;;;;;;;;;;;;;;;;;;;;;;0;0;0;0;0;0;0;0;0;0;0;0;0;0;0;0;0;0;0;0;275;#REF!;
;12;0;0;0;0;0;0;0;0;0;0;0;0;0;0;0;0;0;0;0;0;;;;;;;;;;;;;;;;;;;;;;;;;;;;;;;;;;;;;;;;;;;;;;;;;;;;;;;;;;;;;;;;;;;;;;;;;;;;;;;;;;;;;;;;;;;;;;;;;;;;;;;;;;;;;;;;;;;;;;;;;;;;;;;;;;;;;;;;;;;;;;;;;;;;;;;;;;;;;;;;;;;;;;;;;;;;;;;;;;;;;;;;;;;;;;;;;;;;;;;;;;;;;;;;;;;;;;;;;;;;;;;;;;;;;;;;;;;;;;;;;;;;0;0;0;0;0;0;0;0;0;0;0;0;0;0;0;0;0;0;0;0;277;#REF!;
;11;0;0;0;0;0;0;0;0;0;0;0;0;0;0;0;0;0;0;0;0;;;;;;;;;;;;;;;;;;;;;;;;;;;;;;;;;;;;;;;;;;;;;;;;;;;;;;;;;;;;;;;;;;;;;;;;;;;;;;;;;;;;;;;;;;;;;;;;;;;;;;;;;;;;;;;;;;;;;;;;;;;;;;;;;;;;;;;;;;;;;;;;;;;;;;;;;;;;;;;;;;;;;;;;;;;;;;;;;;;;;;;;;;;;;;;;;;;;;;;;;;;;;;;;;;;;;;;;;;;;;;;;;;;;;;;;;;;;;;;;;;;;0;0;0;0;0;0;0;0;0;0;0;0;0;0;0;0;0;0;0;0;279;#REF!;
;10;0;0;0;0;0;0;0;0;0;0;0;0;0;0;0;0;0;0;0;0;;;;;;;;;;;;;;;;;;;;;;;;;;;;;;;;;;;;;;;;;;;;;;;;;;;;;;;;;;;;;;;;;;;;;;;;;;;;;;;;;;;;;;;;;;;;;;;;;;;;;;;;;;;;;;;;;;;;;;;;;;;;;;;;;;;;;;;;;;;;;;;;;;;;;;;;;;;;;;;;;;;;;;;;;;;;;;;;;;;;;;;;;;;;;;;;;;;;;;;;;;;;;;;;;;;;;;;;;;;;;;;;;;;;;;;;;;;;;;;;;;;;0;0;0;0;0;0;0;0;0;0;0;0;0;0;0;0;0;0;0;0;281;#REF!;
;9;0;0;0;0;0;0;0;0;0;0;0;0;0;0;0;0;0;0;0;0;;;;;;;;;;;;;;;;;;;;;;;;;;;;;;;;;;;;;;;;;;;;;;;;;;;;;;;;;;;;;;;;;;;;;;;;;;;;;;;;;;;;;;;;;;;;;;;;;;;;;;;;;;;;;;;;;;;;;;;;;;;;;;;;;;;;;;;;;;;;;;;;;;;;;;;;;;;;;;;;;;;;;;;;;;;;;;;;;;;;;;;;;;;;;;;;;;;;;;;;;;;;;;;;;;;;;;;;;;;;;;;;;;;;;;;;;;;;;;;;;;;;0;0;0;0;0;0;0;0;0;0;0;0;0;0;0;0;0;0;0;0;283;#REF!;
;8;0;0;0;0;0;0;0;0;0;0;0;0;0;0;0;0;0;0;0;0;;;;;;;;;;;;;;;;;;;;;;;;;;;;;;;;;;;;;;;;;;;;;;;;;;;;;;;;;;;;;;;;;;;;;;;;;;;;;;;;;;;;;;;;;;;;;;;;;;;;;;;;;;;;;;;;;;;;;;;;;;;;;;;;;;;;;;;;;;;;;;;;;;;;;;;;;;;;;;;;;;;;;;;;;;;;;;;;;;;;;;;;;;;;;;;;;;;;;;;;;;;;;;;;;;;;;;;;;;;;;;;;;;;;;;;;;;;;;;;;;;;;0;0;0;0;0;0;0;0;0;0;0;0;0;0;0;0;0;0;0;0;285;#REF!;
;7;0;0;0;0;0;0;0;0;0;0;0;0;0;0;0;0;0;0;0;0;;;;;;;;;;;;;;;;;;;;;;;;;;;;;;;;;;;;;;;;;;;;;;;;;;;;;;;;;;;;;;;;;;;;;;;;;;;;;;;;;;;;;;;;;;;;;;;;;;;;;;;;;;;;;;;;;;;;;;;;;;;;;;;;;;;;;;;;;;;;;;;;;;;;;;;;;;;;;;;;;;;;;;;;;;;;;;;;;;;;;;;;;;;;;;;;;;;;;;;;;;;;;;;;;;;;;;;;;;;;;;;;;;;;;;;;;;;;;;;;;;;;0;0;0;0;0;0;0;0;0;0;0;0;0;0;0;0;0;0;0;0;287;#REF!;
;6;0;0;0;0;0;0;0;0;0;0;0;0;0;0;0;0;0;0;0;0;;;;;;;;;;;;;;;;;;;;;;;;;;;;;;;;;;;;;;;;;;;;;;;;;;;;;;;;;;;;;;;;;;;;;;;;;;;;;;;;;;;;;;;;;;;;;;;;;;;;;;;;;;;;;;;;;;;;;;;;;;;;;;;;;;;;;;;;;;;;;;;;;;;;;;;;;;;;;;;;;;;;;;;;;;;;;;;;;;;;;;;;;;;;;;;;;;;;;;;;;;;;;;;;;;;;;;;;;;;;;;;;;;;;;;;;;;;;;;;;;;;;0;0;0;0;0;0;0;0;0;0;0;0;0;0;0;0;0;0;0;0;289;#REF!;
;5;0;0;0;0;0;0;0;0;0;0;0;0;0;0;0;0;0;0;0;0;;;;;;;;;;;;;;;;;;;;;;;;;;;;;;;;;;;;;;;;;;;;;;;;;;;;;;;;;;;;;;;;;;;;;;;;;;;;;;;;;;;;;;;;;;;;;;;;;;;;;;;;;;;;;;;;;;;;;;;;;;;;;;;;;;;;;;;;;;;;;;;;;;;;;;;;;;;;;;;;;;;;;;;;;;;;;;;;;;;;;;;;;;;;;;;;;;;;;;;;;;;;;;;;;;;;;;;;;;;;;;;;;;;;;;;;;;;;;;;;;;;;0;0;0;0;0;0;0;0;0;0;0;0;0;0;0;0;0;0;0;0;291;#REF!;
;4;0;0;0;0;0;0;0;0;0;0;0;0;0;0;0;0;0;0;0;0;;;;;;;;;;;;;;;;;;;;;;;;;;;;;;;;;;;;;;;;;;;;;;;;;;;;;;;;;;;;;;;;;;;;;;;;;;;;;;;;;;;;;;;;;;;;;;;;;;;;;;;;;;;;;;;;;;;;;;;;;;;;;;;;;;;;;;;;;;;;;;;;;;;;;;;;;;;;;;;;;;;;;;;;;;;;;;;;;;;;;;;;;;;;;;;;;;;;;;;;;;;;;;;;;;;;;;;;;;;;;;;;;;;;;;;;;;;;;;;;;;;;0;0;0;0;0;0;0;0;0;0;0;0;0;0;0;0;0;0;0;0;293;#REF!;
;3;0;0;0;0;0;0;0;0;0;0;0;0;0;0;0;0;0;0;0;0;;;;;;;;;;;;;;;;;;;;;;;;;;;;;;;;;;;;;;;;;;;;;;;;;;;;;;;;;;;;;;;;;;;;;;;;;;;;;;;;;;;;;;;;;;;;;;;;;;;;;;;;;;;;;;;;;;;;;;;;;;;;;;;;;;;;;;;;;;;;;;;;;;;;;;;;;;;;;;;;;;;;;;;;;;;;;;;;;;;;;;;;;;;;;;;;;;;;;;;;;;;;;;;;;;;;;;;;;;;;;;;;;;;;;;;;;;;;;;;;;;;;0;0;0;0;0;0;0;0;0;0;0;0;0;0;0;0;0;0;0;0;295;#REF!;
;2;0;0;0;0;0;0;0;0;0;0;0;0;0;0;0;0;0;0;0;0;;;;;;;;;;;;;;;;;;;;;;;;;;;;;;;;;;;;;;;;;;;;;;;;;;;;;;;;;;;;;;;;;;;;;;;;;;;;;;;;;;;;;;;;;;;;;;;;;;;;;;;;;;;;;;;;;;;;;;;;;;;;;;;;;;;;;;;;;;;;;;;;;;;;;;;;;;;;;;;;;;;;;;;;;;;;;;;;;;;;;;;;;;;;;;;;;;;;;;;;;;;;;;;;;;;;;;;;;;;;;;;;;;;;;;;;;;;;;;;;;;;;0;0;0;0;0;0;0;0;0;0;0;0;0;0;0;0;0;0;0;0;297;#REF!;
;1;0;0;0;0;0;0;0;0;0;0;0;0;0;0;0;0;0;0;0;0;;;;;;;;;;;;;;;;;;;;;;;;;;;;;;;;;;;;;;;;;;;;;;;;;;;;;;;;;;;;;;;;;;;;;;;;;;;;;;;;;;;;;;;;;;;;;;;;;;;;;;;;;;;;;;;;;;;;;;;;;;;;;;;;;;;;;;;;;;;;;;;;;;;;;;;;;;;;;;;;;;;;;;;;;;;;;;;;;;;;;;;;;;;;;;;;;;;;;;;;;;;;;;;;;;;;;;;;;;;;;;;;;;;;;;;;;;;;;;;;;;;;0;0;0;0;0;0;0;0;0;0;0;0;0;0;0;0;0;0;0;0;299;#REF!;
;0;0;0;0;0;0;0;0;0;0;0;0;0;0;0;0;0;0;0;0;0;;;;;;;;;;;;;;;;;;;;;;;;;;;;;;;;;;;;;;;;;;;;;;;;;;;;;;;;;;;;;;;;;;;;;;;;;;;;;;;;;;;;;;;;;;;;;;;;;;;;;;;;;;;;;;;;;;;;;;;;;;;;;;;;;;;;;;;;;;;;;;;;;;;;;;;;;;;;;;;;;;;;;;;;;;;;;;;;;;;;;;;;;;;;;;;;;;;;;;;;;;;;;;;;;;;;;;;;;;;;;;;;;;;;;;;;;;;;;;;;;;;;#REF!;#REF!;#REF!;#REF!;#REF!;#REF!;#REF!;#REF!;#REF!;#REF!;#REF!;#REF!;#REF!;#REF!;#REF!;#REF!;#REF!;#REF!;#REF!;#REF!;301;#REF!;
